Participant Identifier	Embryo Number	Verbatim Annotation	Annotation CURIE	Annotation Category CURIE
3	5	No malformations	normal	normal
3	6	No malformations	normal	normal
3	9	No malformations	normal	normal
3	14	Dead? If not, then: pericardial edema	ZP:0000306	ZP:0000306
3	25	Notochord malformation	ZP:0000624	ZP:0000624
3	26	Notochord malformation	ZP:0000624	ZP:0000624
3	1	pericardial edema	ZP:0001192	ZP:0000107
3	2	pericardial edema	ZP:0001192	ZP:0000107
3	3	pericardial edema	ZP:0001192	ZP:0000107
3	4	pericardial edema	ZP:0001192	ZP:0000107
3	10	Pericardial edema	ZP:0001192	ZP:0000107
3	11	Pericardial edema	ZP:0001192	ZP:0000107
3	12	Pericardial edema	ZP:0001192	ZP:0000107
3	13	Pericardial edema	ZP:0001192	ZP:0000107
3	16	Pericardial edema	ZP:0001192	ZP:0000107
3	17	Pericardial edema	ZP:0001192	ZP:0000107
3	19	pericardial edema	ZP:0001192	ZP:0000107
3	1	uninflated swim bladder	ZP:0001211	ZP:0127709
3	2	uninflated swim bladder	ZP:0001211	ZP:0127709
3	3	uninflated swim bladder	ZP:0001211	ZP:0127709
3	4	uninflated swim bladder	ZP:0001211	ZP:0127709
3	10	uninflated swim bladder	ZP:0001211	ZP:0127709
3	11	uninflated swim bladder	ZP:0001211	ZP:0127709
3	12	uninflated swim bladder	ZP:0001211	ZP:0127709
3	13	uninflated swim bladder	ZP:0001211	ZP:0127709
3	14	uninflated swim bladder	ZP:0001211	ZP:0127709
3	16	uninflated swim bladder	ZP:0001211	ZP:0127709
3	17	uninflated swim bladder	ZP:0001211	ZP:0127709
3	19	uninflated swim bladder	ZP:0001211	ZP:0127709
3	19	uninflated swim bladder	ZP:0001211	ZP:0127709
3	20	uninflated swim bladder	ZP:0001211	ZP:0127709
3	21	uninflated swim bladder	ZP:0001211	ZP:0127709
3	25	uninflated swim bladder	ZP:0001211	ZP:0127709
3	26	uninflated swim bladder	ZP:0001211	ZP:0127709
3	23	uninflated swim bladder 	ZP:0001211	ZP:0127709
3	24	Uninflated swim bladder 	ZP:0001211	ZP:0127709
3	22	uninflated swim bladder	ZP:0001211	ZP:0127709
3	15	Craniofacial malformation	ZP:0001609	ZP:0001609
3	20	craniofacial malformation	ZP:0001609	ZP:0001609
3	21	craniofacial malformation	ZP:0001609	ZP:0001609
3	25	craniofacial malformation	ZP:0001609	ZP:0001609
3	1	Craniofacial malformations	ZP:0001609	ZP:0001609
3	2	Craniofacial malformations	ZP:0001609	ZP:0001609
3	3	Craniofacial malformations	ZP:0001609	ZP:0001609
3	4	Craniofacial malformations	ZP:0001609	ZP:0001609
3	10	craniofacial malformations	ZP:0001609	ZP:0001609
3	11	craniofacial malformations	ZP:0001609	ZP:0001609
3	12	craniofacial malformations	ZP:0001609	ZP:0001609
3	13	craniofacial malformations	ZP:0001609	ZP:0001609
3	14	craniofacial malformations	ZP:0001609	ZP:0001609
3	16	craniofacial malformations	ZP:0001609	ZP:0001609
3	17	craniofacial malformations	ZP:0001609	ZP:0001609
3	18	Craniofacial malformations	ZP:0001609	ZP:0001609
3	19	Craniofacial malformations	ZP:0001609	ZP:0001609
3	26	craniofacial malformations	ZP:0001609	ZP:0001609
3	3	yolk sac edema	ZP:0002060	ZP:0002676
3	4	yolk sac edema	ZP:0002060	ZP:0002676
3	11	yolk sac edema	ZP:0002060	ZP:0002676
3	13	yolk sac edema	ZP:0002060	ZP:0002676
3	14	yolk sac edema	ZP:0002060	ZP:0002676
3	16	yolk sac edema	ZP:0002060	ZP:0002676
3	17	yolk sac edema	ZP:0002060	ZP:0002676
3	19	yolk sac edema	ZP:0002060	ZP:0002676
3	20	yolk sac edema	ZP:0002060	ZP:0002676
3	21	yolk sac malformation	ZP:0002676	ZP:0002676
3	10	yolk sac malformations	ZP:0002676	ZP:0002676
3	19	caudal fin malformation	ZP:0004969	ZP:0001129
3	20	caudal fin malformation	ZP:0004969	ZP:0001129
3	22	caudal fin malformation	ZP:0004969	ZP:0001129
3	11	caudal fin malformations	ZP:0004969	ZP:0001129
3	14	caudal fin malformations	ZP:0004969	ZP:0001129
3	19	caudal fin malformations	ZP:0004969	ZP:0001129
3	10	axis	ZP:0127724	ZP:0127724
3	21	Axis malformation	ZP:0127724	ZP:0127724
3	25	axis malformation	ZP:0127724	ZP:0127724
3	26	axis malformation	ZP:0127724	ZP:0127724
3	11	axis malformations	ZP:0127724	ZP:0127724
3	13	axis malformations	ZP:0127724	ZP:0127724
3	14	axis malformations	ZP:0127724	ZP:0127724
3	19	axis malformations	ZP:0127724	ZP:0127724
3	20	Axis malformations	ZP:0127724	ZP:0127724
1	5	Not affected	normal	normal
1	6	Not affected	normal	normal
1	24	Not affected	normal	normal
1	3	smaller/abnormal eye shape	ZP:0000043	ZP:0000943
1	4	smaller/abnormal eye shape	ZP:0000043	ZP:0000943
1	11	smaller/abnormal eye shape	ZP:0000043	ZP:0000943
1	1	abnormally small head	ZP:0000054	ZP:0001609
1	2	Smaller/abnormal head shape	ZP:0000054	ZP:0001609
1	3	Smaller/abnormal head shape	ZP:0000054	ZP:0001609
1	4	Smaller/abnormal head shape	ZP:0000054	ZP:0001609
1	9	Smaller/abnormal head shape	ZP:0000054	ZP:0001609
1	10	Smaller/abnormal head shape	ZP:0000054	ZP:0001609
1	11	Smaller/abnormal head shape	ZP:0000054	ZP:0001609
1	12	Smaller/abnormal head shape	ZP:0000054	ZP:0001609
1	13	Smaller/abnormal head shape	ZP:0000054	ZP:0001609
1	14	Smaller/abnormal head shape	ZP:0000054	ZP:0001609
1	16	Smaller/abnormal head shape	ZP:0000054	ZP:0001609
1	17	Smaller/abnormal head shape	ZP:0000054	ZP:0001609
1	17	Smaller/abnormal head shape	ZP:0000054	ZP:0001609
1	19	Smaller/abnormal head shape	ZP:0000054	ZP:0001609
1	20	Smaller/abnormal head shape	ZP:0000054	ZP:0001609
1	21	Smaller/abnormal head shape	ZP:0000054	ZP:0001609
1	21	Smaller/abnormal head shape	ZP:0000054	ZP:0001609
1	25	Smaller/abnormal head shape	ZP:0000054	ZP:0001609
1	26	Smaller/abnormal head shape	ZP:0000054	ZP:0001609
1	23	Smaller/abnormal head shape	ZP:0000054	ZP:0001609
1	18	Smaller/abnormal head shape	ZP:0000054	ZP:0001609
1	13	necrotic tissues (probably)	ZP:0000398	ZP:0000306
1	14	necrotic tissues (probably)	ZP:0000398	ZP:0000306
1	2	abnormal length (shorter)	ZP:0000473	ZP:0012799
1	3	abnormal length (shorter)	ZP:0000473	ZP:0012799
1	4	abnormal length (shorter)	ZP:0000473	ZP:0012799
1	11	abnormal length (shorter)	ZP:0000473	ZP:0012799
1	12	abnormal length (shorter)	ZP:0000473	ZP:0012799
1	14	abnormal length (shorter)	ZP:0000473	ZP:0012799
1	22	abnormal length (shorter)	ZP:0000473	ZP:0012799
1	25	abnormal length (shorter)	ZP:0000473	ZP:0012799
1	1	abnormally short length	ZP:0000473	ZP:0012799
1	25	notochord malformation	ZP:0000624	ZP:0000624
1	26	notochord malformation	ZP:0000624	ZP:0000624
1	1	heart edema	ZP:0001192	ZP:0000107
1	2	heart edema	ZP:0001192	ZP:0000107
1	3	heart edema	ZP:0001192	ZP:0000107
1	4	heart edema	ZP:0001192	ZP:0000107
1	10	heart edema	ZP:0001192	ZP:0000107
1	11	heart edema	ZP:0001192	ZP:0000107
1	12	heart edema	ZP:0001192	ZP:0000107
1	13	heart edema	ZP:0001192	ZP:0000107
1	14	heart edema	ZP:0001192	ZP:0000107
1	16	heart edema	ZP:0001192	ZP:0000107
1	17	heart edema	ZP:0001192	ZP:0000107
1	19	heart edema	ZP:0001192	ZP:0000107
1	25	heart edema	ZP:0001192	ZP:0000107
1	26	heart edema	ZP:0001192	ZP:0000107
1	13	malformed dissorganized or missing somites	ZP:0001601	ZP:0001601
1	14	malformed dissorganized or missing somites	ZP:0001601	ZP:0001601
1	3	yolk sac edema	ZP:0002060	ZP:0002676
1	13	yolk sac edema	ZP:0002060	ZP:0002676
1	14	yolk sac edema	ZP:0002060	ZP:0002676
1	16	yolk sac edema	ZP:0002060	ZP:0002676
1	17	yolk sac edema	ZP:0002060	ZP:0002676
1	15	Necrosis in the head (probably)	ZP:0002311	ZP:0001609
1	11	malformed caudal fin	ZP:0004969	ZP:0001129
1	3	curved axis	ZP:0005012	ZP:0127724
1	10	curved axis	ZP:0005012	ZP:0127724
1	14	curved axis	ZP:0005012	ZP:0127724
1	19	curved axis	ZP:0005012	ZP:0127724
1	20	curved axis	ZP:0005012	ZP:0127724
1	21	curved axis	ZP:0005012	ZP:0127724
1	25	curved axis	ZP:0005012	ZP:0127724
1	26	curved axis	ZP:0005012	ZP:0127724
1	2	altered jaw morphology	ZP:0007203	ZP:0007203
1	3	altered jaw morphology	ZP:0007203	ZP:0007203
1	4	altered jaw morphology	ZP:0007203	ZP:0007203
1	11	altered jaw morphology	ZP:0007203	ZP:0007203
1	13	altered jaw morphology	ZP:0007203	ZP:0007203
1	17	altered jaw morphology	ZP:0007203	ZP:0007203
1	19	altered jaw morphology	ZP:0007203	ZP:0007203
1	20	altered jaw morphology	ZP:0007203	ZP:0007203
1	23	altered jaw morphology	ZP:0007203	ZP:0007203
1	10	altered snout	ZP:0014550	ZP:0014550
1	18	altered snout	ZP:0014550	ZP:0014550
1	19	altered snout	ZP:0014550	ZP:0014550
1	20	altered snout	ZP:0014550	ZP:0014550
1	10	yolk opacity	ZP:0016092	ZP:0002676
1	11	yolk opacity	ZP:0016092	ZP:0002676
1	13	yolk opacity	ZP:0016092	ZP:0002676
1	14	yolk opacity	ZP:0016092	ZP:0002676
1	21	yolk opacity	ZP:0016092	ZP:0002676
1	25	yolk opacity	ZP:0016092	ZP:0002676
17	1	General delay of development/growth	ZP:0000473	ZP:0012799
17	2	General delay of development/growth	ZP:0000473	ZP:0012799
17	3	General delay of development/growth	ZP:0000473	ZP:0012799
17	3	modified eye development	ZP:0000943	ZP:0000943
17	1	Heart edema	ZP:0001192	ZP:0000107
17	2	Heart edema	ZP:0001192	ZP:0000107
17	3	Heart edema	ZP:0001192	ZP:0000107
17	1	no swim bladder	ZP:0002944	ZP:0127709
17	2	no swim bladder	ZP:0002944	ZP:0127709
17	3	no swim bladder	ZP:0002944	ZP:0127709
17	5	no lethal/sublethal endpoint observed	normal	normal
17	6	no lethal/sublethal endpoint observed	normal	normal
17	4	General delay of development/growth	ZP:0000473	ZP:0012799
17	9	general delay of development/growth	ZP:0000473	ZP:0012799
17	11	General delay of development/growth	ZP:0000473	ZP:0012799
17	22	general delay of development/growth	ZP:0000473	ZP:0012799
17	4	modified eye development	ZP:0000943	ZP:0000943
17	11	Modified eye development	ZP:0000943	ZP:0000943
17	14	Modified eye development	ZP:0000943	ZP:0000943
17	11	Malformation tail	ZP:0001129	ZP:0001129
17	4	Heart edema	ZP:0001192	ZP:0000107
17	10	heart edema	ZP:0001192	ZP:0000107
17	11	heart edema	ZP:0001192	ZP:0000107
17	12	Heart edema	ZP:0001192	ZP:0000107
17	14	heart edema	ZP:0001192	ZP:0000107
17	16	heart edema	ZP:0001192	ZP:0000107
17	17	heart edema	ZP:0001192	ZP:0000107
17	18	heart edema	ZP:0001192	ZP:0000107
17	19	heart edema	ZP:0001192	ZP:0000107
17	21	heart edema	ZP:0001192	ZP:0000107
17	25	heart edema	ZP:0001192	ZP:0000107
17	26	heart edema, 	ZP:0001192	ZP:0000107
17	13	Heart edema	ZP:0001192	ZP:0000107
17	14	no somite formation	ZP:0001601	ZP:0001601
17	21	no somite formation	ZP:0001601	ZP:0001601
17	26	no somite formation	ZP:0001601	ZP:0001601
17	23	Head malformation	ZP:0001609	ZP:0001609
17	11	Malformation head	ZP:0001609	ZP:0001609
17	12	Malformation head	ZP:0001609	ZP:0001609
17	14	Malformation head	ZP:0001609	ZP:0001609
17	15	Malformation head	ZP:0001609	ZP:0001609
17	16	Malformation head	ZP:0001609	ZP:0001609
17	17	Malformation head	ZP:0001609	ZP:0001609
17	19	Malformation head	ZP:0001609	ZP:0001609
17	21	malformation head	ZP:0001609	ZP:0001609
17	25	Malformation head	ZP:0001609	ZP:0001609
17	18	Malformation head	ZP:0001609	ZP:0001609
17	20	Malformation head	ZP:0001609	ZP:0001609
17	10	yolk deformations	ZP:0002676	ZP:0002676
17	11	yolk deformations	ZP:0002676	ZP:0002676
17	14	yolk deformations	ZP:0002676	ZP:0002676
17	19	yolk deformations	ZP:0002676	ZP:0002676
17	4	no swim bladder	ZP:0002944	ZP:0127709
17	10	no swim bladder	ZP:0002944	ZP:0127709
17	11	no swim bladder	ZP:0002944	ZP:0127709
17	12	no swim bladder	ZP:0002944	ZP:0127709
17	13	no swim bladder	ZP:0002944	ZP:0127709
17	16	no swim bladder	ZP:0002944	ZP:0127709
17	17	no swim bladder	ZP:0002944	ZP:0127709
17	19	no swim bladder	ZP:0002944	ZP:0127709
17	20	no swim bladder	ZP:0002944	ZP:0127709
17	21	no swim bladder	ZP:0002944	ZP:0127709
17	22	no swim bladder	ZP:0002944	ZP:0127709
17	23	no swim bladder	ZP:0002944	ZP:0127709
17	24	no swim bladder	ZP:0002944	ZP:0127709
17	25	no swim bladder	ZP:0002944	ZP:0127709
17	26	no swim bladder	ZP:0002944	ZP:0127709
17	9	small swim bladder	ZP:0005125	ZP:0127709
17	10	Modified axis structure	ZP:0127724	ZP:0127724
17	14	modified axis structure	ZP:0127724	ZP:0127724
17	21	modified axis structure	ZP:0127724	ZP:0127724
17	25	modified axis structure	ZP:0127724	ZP:0127724
17	26	modified axis structure	ZP:0127724	ZP:0127724
7	15		normal	normal
7	3	Brain	ZP:0000100	ZP:0000100
7	13	Brain	ZP:0000100	ZP:0000100
7	14	Brain	ZP:0000100	ZP:0000100
7	16	Brain	ZP:0000100	ZP:0000100
7	19	Brain	ZP:0000100	ZP:0000100
7	20	Brain	ZP:0000100	ZP:0000100
7	21	Brain	ZP:0000100	ZP:0000100
7	23	Brain	ZP:0000100	ZP:0000100
7	17	Brian	ZP:0000100	ZP:0000100
7	25	Brian	ZP:0000100	ZP:0000100
7	25	NC	ZP:0000624	ZP:0000624
7	26	NC	ZP:0000624	ZP:0000624
7	3	Eye	ZP:0000943	ZP:0000943
7	11	Eye	ZP:0000943	ZP:0000943
7	14	Eye	ZP:0000943	ZP:0000943
7	16	Eye	ZP:0000943	ZP:0000943
7	21	Eye	ZP:0000943	ZP:0000943
7	25	Eye	ZP:0000943	ZP:0000943
7	4	Eye	ZP:0000943	ZP:0000943
7	13	Optic	ZP:0000943	ZP:0000943
7	14	Optic	ZP:0000943	ZP:0000943
7	16	Optic	ZP:0000943	ZP:0000943
7	4	PE	ZP:0001192	ZP:0000107
7	2	PE	ZP:0001192	ZP:0000107
7	3	PE	ZP:0001192	ZP:0000107
7	10	PE	ZP:0001192	ZP:0000107
7	11	PE	ZP:0001192	ZP:0000107
7	12	PE	ZP:0001192	ZP:0000107
7	13	PE	ZP:0001192	ZP:0000107
7	14	PE	ZP:0001192	ZP:0000107
7	16	PE	ZP:0001192	ZP:0000107
7	17	PE	ZP:0001192	ZP:0000107
7	19	PE	ZP:0001192	ZP:0000107
7	26	PE	ZP:0001192	ZP:0000107
7	1	PEricardial edema	ZP:0001192	ZP:0000107
7	25	Otic	ZP:0001601	ZP:0001601
7	11	Somite	ZP:0001601	ZP:0001601
7	13	Somite	ZP:0001601	ZP:0001601
7	22	Somites	ZP:0001601	ZP:0001601
7	25	Somites Axis	ZP:0001601	ZP:0001601
7	1	YSE	ZP:0002060	ZP:0002676
7	2	YSE	ZP:0002060	ZP:0002676
7	3	YSE	ZP:0002060	ZP:0002676
7	4	YSE	ZP:0002060	ZP:0002676
7	6	YSE	ZP:0002060	ZP:0002676
7	9	YSE	ZP:0002060	ZP:0002676
7	10	YSE	ZP:0002060	ZP:0002676
7	11	YSE	ZP:0002060	ZP:0002676
7	12	YSE	ZP:0002060	ZP:0002676
7	13	YSE	ZP:0002060	ZP:0002676
7	14	YSE	ZP:0002060	ZP:0002676
7	16	YSE	ZP:0002060	ZP:0002676
7	17	YSE	ZP:0002060	ZP:0002676
7	18	YSE	ZP:0002060	ZP:0002676
7	19	YSE	ZP:0002060	ZP:0002676
7	20	YSE	ZP:0002060	ZP:0002676
7	21	YSE	ZP:0002060	ZP:0002676
7	23	YSE	ZP:0002060	ZP:0002676
7	24	YSE	ZP:0002060	ZP:0002676
7	25	YSE	ZP:0002060	ZP:0002676
7	26	YSE	ZP:0002060	ZP:0002676
7	5	YSE	ZP:0002060	ZP:0002676
7	2	Trunk	ZP:0003437	ZP:0003437
7	3	Trunk	ZP:0003437	ZP:0003437
7	10	Trunk	ZP:0003437	ZP:0003437
7	19	Trunk	ZP:0003437	ZP:0003437
7	22	Trunk	ZP:0003437	ZP:0003437
7	25	Trunk	ZP:0003437	ZP:0003437
7	26	Trunk	ZP:0003437	ZP:0003437
7	2	Cfin	ZP:0004969	ZP:0001129
7	3	Cfin	ZP:0004969	ZP:0001129
7	14	CFin	ZP:0004969	ZP:0001129
7	16	Cfin	ZP:0004969	ZP:0001129
7	17	Cfin	ZP:0004969	ZP:0001129
7	19	Cfin	ZP:0004969	ZP:0001129
7	20	Cfin	ZP:0004969	ZP:0001129
7	25	Cfin	ZP:0004969	ZP:0001129
7	26	Cfin	ZP:0004969	ZP:0001129
7	1	jaw	ZP:0007203	ZP:0007203
7	2	Jaw	ZP:0007203	ZP:0007203
7	3	Jaw	ZP:0007203	ZP:0007203
7	3	Jaw	ZP:0007203	ZP:0007203
7	4	Jaw	ZP:0007203	ZP:0007203
7	6	Jaw	ZP:0007203	ZP:0007203
7	9	Jaw	ZP:0007203	ZP:0007203
7	10	Jaw	ZP:0007203	ZP:0007203
7	11	Jaw	ZP:0007203	ZP:0007203
7	12	Jaw	ZP:0007203	ZP:0007203
7	14	Jaw	ZP:0007203	ZP:0007203
7	16	Jaw	ZP:0007203	ZP:0007203
7	17	Jaw	ZP:0007203	ZP:0007203
7	19	Jaw	ZP:0007203	ZP:0007203
7	20	Jaw	ZP:0007203	ZP:0007203
7	23	Jaw	ZP:0007203	ZP:0007203
7	25	Jaw	ZP:0007203	ZP:0007203
7	26	Jaw	ZP:0007203	ZP:0007203
7	5	Jaw	ZP:0007203	ZP:0007203
7	1	Snout	ZP:0014550	ZP:0014550
7	2	Snout	ZP:0014550	ZP:0014550
7	3	Snout	ZP:0014550	ZP:0014550
7	4	Snout	ZP:0014550	ZP:0014550
7	6	Snout	ZP:0014550	ZP:0014550
7	9	Snout	ZP:0014550	ZP:0014550
7	10	Snout	ZP:0014550	ZP:0014550
7	11	Snout	ZP:0014550	ZP:0014550
7	13	Snout	ZP:0014550	ZP:0014550
7	14	Snout	ZP:0014550	ZP:0014550
7	16	Snout	ZP:0014550	ZP:0014550
7	17	Snout	ZP:0014550	ZP:0014550
7	19	Snout	ZP:0014550	ZP:0014550
7	20	Snout	ZP:0014550	ZP:0014550
7	21	Snout	ZP:0014550	ZP:0014550
7	22	Snout	ZP:0014550	ZP:0014550
7	23	Snout	ZP:0014550	ZP:0014550
7	24	Snout	ZP:0014550	ZP:0014550
7	25	Snout	ZP:0014550	ZP:0014550
7	26	Snout	ZP:0014550	ZP:0014550
7	5	Snout	ZP:0014550	ZP:0014550
7	13	Pigment	ZP:0015121	ZP:0015121
7	17	Pigment	ZP:0015121	ZP:0015121
7	1	swim	ZP:0127709	ZP:0127709
7	2	Swim	ZP:0127709	ZP:0127709
7	3	Swim	ZP:0127709	ZP:0127709
7	4	Swim	ZP:0127709	ZP:0127709
7	9	Swim	ZP:0127709	ZP:0127709
7	10	Swim	ZP:0127709	ZP:0127709
7	11	Swim	ZP:0127709	ZP:0127709
7	12	Swim	ZP:0127709	ZP:0127709
7	13	Swim	ZP:0127709	ZP:0127709
7	14	Swim	ZP:0127709	ZP:0127709
7	16	Swim	ZP:0127709	ZP:0127709
7	17	Swim	ZP:0127709	ZP:0127709
7	19	Swim	ZP:0127709	ZP:0127709
7	20	Swim	ZP:0127709	ZP:0127709
7	21	Swim	ZP:0127709	ZP:0127709
7	22	Swim	ZP:0127709	ZP:0127709
7	23	Swim	ZP:0127709	ZP:0127709
7	24	Swim	ZP:0127709	ZP:0127709
7	25	Swim	ZP:0127709	ZP:0127709
7	26	Swim	ZP:0127709	ZP:0127709
7	2	Axis	ZP:0127724	ZP:0127724
7	3	Axis	ZP:0127724	ZP:0127724
7	11	Axis	ZP:0127724	ZP:0127724
7	14	Axis	ZP:0127724	ZP:0127724
7	20	Axis	ZP:0127724	ZP:0127724
7	21	Axis	ZP:0127724	ZP:0127724
7	26	Axis	ZP:0127724	ZP:0127724
9	6		normal	normal
9	18		normal	normal
9	3	brain	ZP:0000100	ZP:0000100
9	4	brain	ZP:0000100	ZP:0000100
9	11	brain	ZP:0000100	ZP:0000100
9	14	brain	ZP:0000100	ZP:0000100
9	15	brain	ZP:0000100	ZP:0000100
9	21	brain	ZP:0000100	ZP:0000100
9	13	nc	ZP:0000624	ZP:0000624
9	25	nc	ZP:0000624	ZP:0000624
9	26	nc	ZP:0000624	ZP:0000624
9	1	pe	ZP:0001192	ZP:0000107
9	2	pe	ZP:0001192	ZP:0000107
9	3	pe	ZP:0001192	ZP:0000107
9	4	pe	ZP:0001192	ZP:0000107
9	10	pe	ZP:0001192	ZP:0000107
9	11	pe	ZP:0001192	ZP:0000107
9	12	pe	ZP:0001192	ZP:0000107
9	13	pe	ZP:0001192	ZP:0000107
9	14	pe	ZP:0001192	ZP:0000107
9	16	pe	ZP:0001192	ZP:0000107
9	17	pe	ZP:0001192	ZP:0000107
9	25	pe	ZP:0001192	ZP:0000107
9	13	somi	ZP:0001601	ZP:0001601
9	26	somi	ZP:0001601	ZP:0001601
9	1	yse	ZP:0002060	ZP:0002676
9	2	yse	ZP:0002060	ZP:0002676
9	3	yse	ZP:0002060	ZP:0002676
9	4	yse	ZP:0002060	ZP:0002676
9	9	yse	ZP:0002060	ZP:0002676
9	11	yse	ZP:0002060	ZP:0002676
9	12	yse	ZP:0002060	ZP:0002676
9	13	yse	ZP:0002060	ZP:0002676
9	14	yse	ZP:0002060	ZP:0002676
9	16	yse	ZP:0002060	ZP:0002676
9	17	yse	ZP:0002060	ZP:0002676
9	19	yse	ZP:0002060	ZP:0002676
9	20	yse	ZP:0002060	ZP:0002676
9	21	yse	ZP:0002060	ZP:0002676
9	22	yse	ZP:0002060	ZP:0002676
9	23	yse	ZP:0002060	ZP:0002676
9	25	yse	ZP:0002060	ZP:0002676
9	26	yse	ZP:0002060	ZP:0002676
9	24	yse	ZP:0002060	ZP:0002676
9	1	trunk	ZP:0003437	ZP:0003437
9	2	trunk	ZP:0003437	ZP:0003437
9	3	trunk	ZP:0003437	ZP:0003437
9	4	trunk	ZP:0003437	ZP:0003437
9	10	trunk	ZP:0003437	ZP:0003437
9	14	trunk	ZP:0003437	ZP:0003437
9	19	trunk	ZP:0003437	ZP:0003437
9	20	trunk	ZP:0003437	ZP:0003437
9	21	trunk	ZP:0003437	ZP:0003437
9	22	trunk	ZP:0003437	ZP:0003437
9	26	trunk	ZP:0003437	ZP:0003437
9	25	trunk	ZP:0003437	ZP:0003437
9	14	cfin	ZP:0004969	ZP:0001129
9	3	jaw	ZP:0007203	ZP:0007203
9	5	jaw	ZP:0007203	ZP:0007203
9	11	jaw	ZP:0007203	ZP:0007203
9	12	jaw	ZP:0007203	ZP:0007203
9	13	jaw	ZP:0007203	ZP:0007203
9	14	jaw	ZP:0007203	ZP:0007203
9	16	jaw	ZP:0007203	ZP:0007203
9	17	jaw	ZP:0007203	ZP:0007203
9	19	jaw	ZP:0007203	ZP:0007203
9	20	jaw	ZP:0007203	ZP:0007203
9	21	jaw	ZP:0007203	ZP:0007203
9	22	jaw	ZP:0007203	ZP:0007203
9	23	jaw	ZP:0007203	ZP:0007203
9	25	jaw	ZP:0007203	ZP:0007203
9	26	jaw	ZP:0007203	ZP:0007203
9	1	snout	ZP:0014550	ZP:0014550
9	2	snout	ZP:0014550	ZP:0014550
9	3	snout	ZP:0014550	ZP:0014550
9	4	snout	ZP:0014550	ZP:0014550
9	11	snout	ZP:0014550	ZP:0014550
9	13	snout	ZP:0014550	ZP:0014550
9	14	snout	ZP:0014550	ZP:0014550
9	16	snout	ZP:0014550	ZP:0014550
9	17	snout	ZP:0014550	ZP:0014550
9	19	snout	ZP:0014550	ZP:0014550
9	20	snout	ZP:0014550	ZP:0014550
9	21	snout	ZP:0014550	ZP:0014550
9	26	snout	ZP:0014550	ZP:0014550
9	25	snout	ZP:0014550	ZP:0014550
9	1	swim	ZP:0127709	ZP:0127709
9	2	swim	ZP:0127709	ZP:0127709
9	11	swim	ZP:0127709	ZP:0127709
9	13	swim	ZP:0127709	ZP:0127709
9	14	swim	ZP:0127709	ZP:0127709
9	16	swim	ZP:0127709	ZP:0127709
9	17	swim	ZP:0127709	ZP:0127709
9	19	swim	ZP:0127709	ZP:0127709
9	20	swim	ZP:0127709	ZP:0127709
9	21	swim	ZP:0127709	ZP:0127709
9	22	swim	ZP:0127709	ZP:0127709
9	23	swim	ZP:0127709	ZP:0127709
9	24	swim	ZP:0127709	ZP:0127709
9	25	swim	ZP:0127709	ZP:0127709
9	26	swim	ZP:0127709	ZP:0127709
9	21	axis	ZP:0127724	ZP:0127724
9	25	axis	ZP:0127724	ZP:0127724
9	26	axis	ZP:0127724	ZP:0127724
2	1	abnormally short length	ZP:0000473	ZP:0012799
2	2	Reduced larval total length (discission normally based on actual length measurements)	ZP:0000473	ZP:0012799
2	3	Reduced larval total length (discission normally based on actual length measurements)	ZP:0000473	ZP:0012799
2	4	Reduced larval total length (discission normally based on actual length measurements)	ZP:0000473	ZP:0012799
2	11	Reduced larval total length (discission normally based on actual length measurements)	ZP:0000473	ZP:0012799
2	14	Reduced larval total length (discission normally based on actual length measurements)	ZP:0000473	ZP:0012799
2	22	Reduced larval total length (discission normally based on actual length measurements)	ZP:0000473	ZP:0012799
2	25	Reduced larval total length (discission normally based on actual length measurements)	ZP:0000473	ZP:0012799
2	26	Reduced larvel total length (discission normally based on actual length measurements)	ZP:0000473	ZP:0012799
2	3	Malformation eye	ZP:0000943	ZP:0000943
2	4	Malformation eye	ZP:0000943	ZP:0000943
2	11	Malformation eye	ZP:0000943	ZP:0000943
2	17	Malformation eye	ZP:0000943	ZP:0000943
2	19	Malformation eye	ZP:0000943	ZP:0000943
2	21	Malformation eye	ZP:0000943	ZP:0000943
2	1	Edema pericardium	ZP:0001192	ZP:0000107
2	2	Edema pericardium	ZP:0001192	ZP:0000107
2	3	Edema pericardium	ZP:0001192	ZP:0000107
2	4	Edema pericardium	ZP:0001192	ZP:0000107
2	6	Edema pericardium	ZP:0001192	ZP:0000107
2	10	Edema pericardium	ZP:0001192	ZP:0000107
2	11	Edema pericardium	ZP:0001192	ZP:0000107
2	12	Edema pericardium	ZP:0001192	ZP:0000107
2	13	Edema pericardium	ZP:0001192	ZP:0000107
2	14	Edema pericardium	ZP:0001192	ZP:0000107
2	16	Edema pericardium	ZP:0001192	ZP:0000107
2	17	Edema pericardium	ZP:0001192	ZP:0000107
2	18	Edema pericardium	ZP:0001192	ZP:0000107
2	19	Edema pericardium	ZP:0001192	ZP:0000107
2	20	Edema pericardium	ZP:0001192	ZP:0000107
2	25	Edema pericardium	ZP:0001192	ZP:0000107
2	26	Edema pericardium	ZP:0001192	ZP:0000107
2	1	Uninflated swim bladder	ZP:0001211	ZP:0127709
2	2	Uninflated swim bladder	ZP:0001211	ZP:0127709
2	3	Uninflated swim bladder	ZP:0001211	ZP:0127709
2	4	Uninflated swim bladder	ZP:0001211	ZP:0127709
2	10	Uninflated swim bladder	ZP:0001211	ZP:0127709
2	11	Uninflated swim bladder	ZP:0001211	ZP:0127709
2	12	Uninflated swim bladder	ZP:0001211	ZP:0127709
2	13	Uninflated swim bladder	ZP:0001211	ZP:0127709
2	14	Uninflated swim bladder	ZP:0001211	ZP:0127709
2	16	Uninflated swim bladder	ZP:0001211	ZP:0127709
2	17	Uninflated swim bladder	ZP:0001211	ZP:0127709
2	19	Uninflated swim bladder	ZP:0001211	ZP:0127709
2	20	Uninflated swim bladder	ZP:0001211	ZP:0127709
2	21	Uninflated swim bladder	ZP:0001211	ZP:0127709
2	22	Uninflated swim bladder	ZP:0001211	ZP:0127709
2	23	Uninflated swim bladder	ZP:0001211	ZP:0127709
2	24	Uninflated swim bladder	ZP:0001211	ZP:0127709
2	25	Uninflated swim bladder	ZP:0001211	ZP:0127709
2	26	Uninflated swim bladder	ZP:0001211	ZP:0127709
2	21	Malformation ear	ZP:0001601	ZP:0001601
2	1	Malformation head	ZP:0001609	ZP:0001609
2	2	Malformation head	ZP:0001609	ZP:0001609
2	3	Malformation head	ZP:0001609	ZP:0001609
2	4	Malformation head	ZP:0001609	ZP:0001609
2	9	Malformation head	ZP:0001609	ZP:0001609
2	11	Malformation head	ZP:0001609	ZP:0001609
2	13	Malformation head	ZP:0001609	ZP:0001609
2	14	Malformation head	ZP:0001609	ZP:0001609
2	16	Malformation head	ZP:0001609	ZP:0001609
2	17	Malformation head	ZP:0001609	ZP:0001609
2	18	Malformation head	ZP:0001609	ZP:0001609
2	19	Malformation head	ZP:0001609	ZP:0001609
2	21	Malformation head	ZP:0001609	ZP:0001609
2	25	Malformation head	ZP:0001609	ZP:0001609
2	26	Malformation head	ZP:0001609	ZP:0001609
2	24	Malformation head	ZP:0001609	ZP:0001609
2	3	Edema Yolk	ZP:0002060	ZP:0002676
2	11	Edema yolk	ZP:0002060	ZP:0002676
2	16	Edema yolk	ZP:0002060	ZP:0002676
2	17	Edema yolk	ZP:0002060	ZP:0002676
2	21	Edema yolk	ZP:0002060	ZP:0002676
2	1	Malformation yolk	ZP:0002676	ZP:0002676
2	2	Malformation yolk	ZP:0002676	ZP:0002676
2	3	Malformation yolk	ZP:0002676	ZP:0002676
2	4	Malformation yolk	ZP:0002676	ZP:0002676
2	10	Malformation yolk	ZP:0002676	ZP:0002676
2	11	Malformation yolk	ZP:0002676	ZP:0002676
2	12	Malformation yolk	ZP:0002676	ZP:0002676
2	13	Malformation yolk	ZP:0002676	ZP:0002676
2	14	Malformation yolk	ZP:0002676	ZP:0002676
2	16	Malformation yolk	ZP:0002676	ZP:0002676
2	17	Malformation yolk	ZP:0002676	ZP:0002676
2	18	Malformation yolk	ZP:0002676	ZP:0002676
2	19	Malformation yolk	ZP:0002676	ZP:0002676
2	21	Malformation yolk	ZP:0002676	ZP:0002676
2	22	Malformation yolk	ZP:0002676	ZP:0002676
2	23	Malformation yolk	ZP:0002676	ZP:0002676
2	25	Malformation yolk	ZP:0002676	ZP:0002676
2	26	Malformation yolk	ZP:0002676	ZP:0002676
2	1	Malformation yolk extension	ZP:0002676	ZP:0002676
2	2	Malformation yolk extension	ZP:0002676	ZP:0002676
2	3	Malformation yolk extension	ZP:0002676	ZP:0002676
2	4	Malformation yolk extension	ZP:0002676	ZP:0002676
2	10	Malformation yolk extension	ZP:0002676	ZP:0002676
2	11	Malformation yolk extension	ZP:0002676	ZP:0002676
2	12	Malformation yolk extension	ZP:0002676	ZP:0002676
2	13	Malformation yolk extension	ZP:0002676	ZP:0002676
2	14	Malformation yolk extension	ZP:0002676	ZP:0002676
2	16	Malformation yolk extension	ZP:0002676	ZP:0002676
2	17	Malformation yolk extension	ZP:0002676	ZP:0002676
2	21	Malformation yolk extension	ZP:0002676	ZP:0002676
2	23	Malformation yolk extension	ZP:0002676	ZP:0002676
2	25	Malformation yolk extension	ZP:0002676	ZP:0002676
2	26	Malformation yolk extension	ZP:0002676	ZP:0002676
2	15	Malformation yolk	ZP:0002676	ZP:0002676
2	15	Blood accumulation head	ZP:0003678	ZP:0001609
2	11	Malformation tail fin	ZP:0004969	ZP:0001129
2	14	Malformation tail fin	ZP:0004969	ZP:0001129
2	26	Malformation tail fin	ZP:0004969	ZP:0001129
2	9	Smaller swim bladder surface area (discission normally based on actual surface area measurements)	ZP:0005125	ZP:0127709
2	3	Blood accumulation yolk	ZP:0006124	ZP:0002676
2	10	Blood accumulation yolk	ZP:0006124	ZP:0002676
2	14	Blood accumulation yolk	ZP:0006124	ZP:0002676
2	19	Blood accumulation yolk	ZP:0006124	ZP:0002676
2	21	Blood accumulation yolk	ZP:0006124	ZP:0002676
2	22	Blood accumulation yolk	ZP:0006124	ZP:0002676
2	23	Blood accumulation yolk	ZP:0006124	ZP:0002676
2	25	Blood accumulation yolk	ZP:0006124	ZP:0002676
2	26	Blood accumulation yolk	ZP:0006124	ZP:0002676
2	1	Malformation mouth	ZP:0007203	ZP:0007203
2	2	Malformation mouth	ZP:0007203	ZP:0007203
2	3	Malformation mouth	ZP:0007203	ZP:0007203
2	4	Malformation mouth	ZP:0007203	ZP:0007203
2	9	Malformation mouth	ZP:0007203	ZP:0007203
2	10	Malformation mouth	ZP:0007203	ZP:0007203
2	11	Malformation mouth	ZP:0007203	ZP:0007203
2	12	Malformation mouth	ZP:0007203	ZP:0007203
2	13	Malformation mouth	ZP:0007203	ZP:0007203
2	14	Malformation mouth	ZP:0007203	ZP:0007203
2	16	Malformation mouth	ZP:0007203	ZP:0007203
2	17	Malformation mouth	ZP:0007203	ZP:0007203
2	19	Malformation mouth	ZP:0007203	ZP:0007203
2	20	Malformation mouth	ZP:0007203	ZP:0007203
2	21	Malformation mouth	ZP:0007203	ZP:0007203
2	23	Malformation mouth	ZP:0007203	ZP:0007203
2	25	Malformation mouth	ZP:0007203	ZP:0007203
2	26	Malformation mouth	ZP:0007203	ZP:0007203
2	5	Malformation mouth?	ZP:0007203	ZP:0007203
2	20	Spinal curvature	ZP:0009010	ZP:0000624
2	21	Spinal curvature	ZP:0009010	ZP:0000624
2	25	Spinal curvature	ZP:0009010	ZP:0000624
2	26	Spinal curvature	ZP:0009010	ZP:0000624
2	14	Curved tail	ZP:0010319	ZP:0001129
2	21	Curved tail	ZP:0010319	ZP:0001129
2	14	Darker pigmentation	ZP:0019090	ZP:0015121
2	21	Darker pigmentation	ZP:0019090	ZP:0015121
12	24	Appears to be Developing Normally	normal	normal
12	5	Developing Normally	normal	normal
12	19	Pericardial Malformation	ZP:0000107	ZP:0000107
12	25	Notochord Malformation	ZP:0000624	ZP:0000624
12	13	Potential Notochord Misinformation	ZP:0000624	ZP:0000624
12	26	Severe Notochord Malformation	ZP:0000624	ZP:0000624
12	22	Possible Short Tail	ZP:0001130	ZP:0001129
12	1	Pericardial Edema	ZP:0001192	ZP:0000107
12	3	Pericardial Edema	ZP:0001192	ZP:0000107
12	10	Pericardial Edema	ZP:0001192	ZP:0000107
12	11	Pericardial Edema	ZP:0001192	ZP:0000107
12	12	Pericardial Edema	ZP:0001192	ZP:0000107
12	13	Pericardial Edema	ZP:0001192	ZP:0000107
12	14	Pericardial Edema	ZP:0001192	ZP:0000107
12	2	Pericardial Edema	ZP:0001192	ZP:0000107
12	4	Pericardial Edema	ZP:0001192	ZP:0000107
12	16	Pericardial Edema	ZP:0001192	ZP:0000107
12	17	Pericardial Edema	ZP:0001192	ZP:0000107
12	14	Lack Defined Somites	ZP:0001601	ZP:0001601
12	26	Lack of Defined Somites	ZP:0001601	ZP:0001601
12	13	Lack Somite Development	ZP:0001601	ZP:0001601
12	21	Possible Somite Malformation	ZP:0001601	ZP:0001601
12	12	Possible Cranial Malformation	ZP:0001609	ZP:0001609
12	19	Gut Malformation	ZP:0002008	ZP:0002008
12	17	Possible Gut Malformation	ZP:0002008	ZP:0002008
12	18	Possible Yolk Sac Edema/Malformation	ZP:0002060	ZP:0002676
12	1	Possible Yolk Sack Edema/Malformation	ZP:0002060	ZP:0002676
12	25	Potential Yolk Sac Degradation/Edema	ZP:0002060	ZP:0002676
12	11	Yolk Sac Edema and Degradation	ZP:0002060	ZP:0002676
12	14	Yolk Sac Edema and Degradation	ZP:0002060	ZP:0002676
12	21	Yolk Sac Edema/Degradation	ZP:0002060	ZP:0002676
12	9	Possible Yolk Sac Degredation	ZP:0002676	ZP:0002676
12	16	Possible Yolk Sac Malformation	ZP:0002676	ZP:0002676
12	23	Potential Yolk Sac Degradation	ZP:0002676	ZP:0002676
12	26	PotYolk Sac Degradation	ZP:0002676	ZP:0002676
12	3	Swim Bladder or Yolk Sac Malformation	ZP:0002676	ZP:0002676
12	10	Yolk Sac Degradation	ZP:0002676	ZP:0002676
12	13	Yolk Sac Malformation	ZP:0002676	ZP:0002676
12	4	Yolk Sac Malformation	ZP:0002676	ZP:0002676
12	11	Swim Bladder Not Evident	ZP:0002944	ZP:0127709
12	14	Swim Bladder not Evident	ZP:0002944	ZP:0127709
12	19	Swim Bladder not Evident	ZP:0002944	ZP:0127709
12	11	Tail End Vacuolization	ZP:0004969	ZP:0001129
12	25	Curved Back	ZP:0005012	ZP:0127724
12	20	Curved Back/Tail	ZP:0005012	ZP:0127724
12	21	Curved Back/Tail	ZP:0005012	ZP:0127724
12	26	Curved Back/Tail	ZP:0005012	ZP:0127724
12	3	Pooling of Blood Cells in Pericardium	ZP:0005930	ZP:0000107
12	12	Possible Pooling of Blood Cells in Pericardial Sac	ZP:0005930	ZP:0000107
12	26	Possible Pooling of Blood Cells in Pericardium	ZP:0005930	ZP:0000107
12	6	Cranial/Jaw Malformation	ZP:0007203	ZP:0007203
12	11	Cranial/Jaw Malformation	ZP:0007203	ZP:0007203
12	14	Cranial/Jaw Malformation	ZP:0007203	ZP:0007203
12	19	Cranial/Jaw Malformation	ZP:0007203	ZP:0007203
12	13	Jaw Malformation	ZP:0007203	ZP:0007203
12	20	Jaw Malformation	ZP:0007203	ZP:0007203
12	23	Jaw Malformation	ZP:0007203	ZP:0007203
12	15	Minor Cranial/Jaw Malformation	ZP:0007203	ZP:0007203
12	26	Possible Cranial/Jaw Malformation	ZP:0007203	ZP:0007203
12	3	Possible Jaw Malformation	ZP:0007203	ZP:0007203
12	14	Curved Tail	ZP:0010319	ZP:0001129
12	10	Slightly Curved Tail	ZP:0010319	ZP:0001129
12	9	Swim Bladder Malformation	ZP:0127709	ZP:0127709
12	10	Swim Bladder Malformation	ZP:0127709	ZP:0127709
12	3	Swim Bladder or Yolk Sac Malformation	ZP:0127709	ZP:0127709
10	5	no observable effect	normal	normal
10	6	no observable effect	normal	normal
10	3	small head	ZP:0000054	ZP:0001609
10	11	small head	ZP:0000054	ZP:0001609
10	14	small head	ZP:0000054	ZP:0001609
10	21	small head	ZP:0000054	ZP:0001609
10	1	large yolk	ZP:0000102	ZP:0002676
10	2	large yolk	ZP:0000102	ZP:0002676
10	3	large yolk	ZP:0000102	ZP:0002676
10	4	large yolk	ZP:0000102	ZP:0002676
10	9	large yolk	ZP:0000102	ZP:0002676
10	11	large yolk	ZP:0000102	ZP:0002676
10	12	large yolk	ZP:0000102	ZP:0002676
10	13	large yolk	ZP:0000102	ZP:0002676
10	14	large yolk	ZP:0000102	ZP:0002676
10	16	large yolk	ZP:0000102	ZP:0002676
10	17	large yolk	ZP:0000102	ZP:0002676
10	18	large yolk	ZP:0000102	ZP:0002676
10	19	large yolk	ZP:0000102	ZP:0002676
10	21	large yolk	ZP:0000102	ZP:0002676
10	22	large yolk	ZP:0000102	ZP:0002676
10	23	large yolk	ZP:0000102	ZP:0002676
10	24	large yolk	ZP:0000102	ZP:0002676
10	25	large yolk	ZP:0000102	ZP:0002676
10	26	large yolk	ZP:0000102	ZP:0002676
10	20	large yolk	ZP:0000102	ZP:0002676
10	26	wavy notochord	ZP:0000122	ZP:0000624
10	25	notochord defect	ZP:0000624	ZP:0000624
10	2	small mandible	ZP:0000916	ZP:0007203
10	3	small mandible	ZP:0000916	ZP:0007203
10	4	small mandible	ZP:0000916	ZP:0007203
10	11	small mandible	ZP:0000916	ZP:0007203
10	16	small mandible	ZP:0000916	ZP:0007203
10	17	small mandible	ZP:0000916	ZP:0007203
10	19	small mandible	ZP:0000916	ZP:0007203
10	1	short tail	ZP:0001130	ZP:0001129
10	2	short tail	ZP:0001130	ZP:0001129
10	3	short tail	ZP:0001130	ZP:0001129
10	4	short tail	ZP:0001130	ZP:0001129
10	11	short tail	ZP:0001130	ZP:0001129
10	13	short tail	ZP:0001130	ZP:0001129
10	14	short tail	ZP:0001130	ZP:0001129
10	22	short tail	ZP:0001130	ZP:0001129
10	25	short tail	ZP:0001130	ZP:0001129
10	1	Pericardial edema	ZP:0001192	ZP:0000107
10	2	Pericardial edema	ZP:0001192	ZP:0000107
10	3	pericardial edema	ZP:0001192	ZP:0000107
10	4	pericardial edema	ZP:0001192	ZP:0000107
10	10	pericardial edema	ZP:0001192	ZP:0000107
10	11	pericardial edema	ZP:0001192	ZP:0000107
10	13	pericardial edema	ZP:0001192	ZP:0000107
10	14	pericardial edema	ZP:0001192	ZP:0000107
10	16	pericardial edema	ZP:0001192	ZP:0000107
10	17	pericardial edema	ZP:0001192	ZP:0000107
10	19	pericardial edema	ZP:0001192	ZP:0000107
10	21	pericardial edema	ZP:0001192	ZP:0000107
10	26	pericardial edema	ZP:0001192	ZP:0000107
10	12	pericardial edema	ZP:0001192	ZP:0000107
10	15	grey head	ZP:0002311	ZP:0001609
10	21	grey head	ZP:0002311	ZP:0001609
10	22	ruffled fin	ZP:0004969	ZP:0001129
10	19	bent tail tip	ZP:0010319	ZP:0001129
10	14	C tail	ZP:0010319	ZP:0001129
10	21	C-tail	ZP:0010319	ZP:0001129
10	20	large mandible	ZP:0015011	ZP:0007203
10	13	melanocyte aggregation	ZP:0015121	ZP:0015121
10	10	cloudy yolk	ZP:0016092	ZP:0002676
10	14	cloudy yolk	ZP:0016092	ZP:0002676
10	3	large lumen	ZP:0016128	ZP:0002008
10	17	large lumen	ZP:0016128	ZP:0002008
10	26	dark pigment	ZP:0019090	ZP:0015121
16	5	no effects	normal	normal
16	11	small head and eyes	ZP:0000043	ZP:0000943
16	3	smaller head and eyes	ZP:0000043	ZP:0000943
16	4	smaller head and eyes	ZP:0000043	ZP:0000943
16	16	smaller head and eyes	ZP:0000043	ZP:0000943
16	17	smaller head and eyes	ZP:0000043	ZP:0000943
16	11	small head and eyes	ZP:0000054	ZP:0001609
16	3	smaller head and eyes	ZP:0000054	ZP:0001609
16	4	smaller head and eyes	ZP:0000054	ZP:0001609
16	16	smaller head and eyes	ZP:0000054	ZP:0001609
16	17	smaller head and eyes	ZP:0000054	ZP:0001609
16	21	swollen yolk sac	ZP:0000102	ZP:0002676
16	26	wavy notocord	ZP:0000122	ZP:0000624
16	3	short bodylenght	ZP:0000473	ZP:0012799
16	4	short bodylenght	ZP:0000473	ZP:0012799
16	11	short bodylenght	ZP:0000473	ZP:0012799
16	1	short bodylength	ZP:0000473	ZP:0012799
16	2	short bodylength	ZP:0000473	ZP:0012799
16	9	shorter bodylenght	ZP:0000473	ZP:0012799
16	12	shorter bodylenght	ZP:0000473	ZP:0012799
16	13	shorter bodylenght	ZP:0000473	ZP:0012799
16	14	shorter bodylenght	ZP:0000473	ZP:0012799
16	22	shorter bodylenght	ZP:0000473	ZP:0012799
16	25	shorter bodylenght	ZP:0000473	ZP:0012799
16	1	cardiac edema	ZP:0001192	ZP:0000107
16	2	cardiac edema	ZP:0001192	ZP:0000107
16	3	cardiac edema	ZP:0001192	ZP:0000107
16	4	cardiac edema	ZP:0001192	ZP:0000107
16	10	cardiac edema	ZP:0001192	ZP:0000107
16	11	cardiac edema	ZP:0001192	ZP:0000107
16	12	cardiac edema	ZP:0001192	ZP:0000107
16	13	cardiac edema	ZP:0001192	ZP:0000107
16	14	cardiac edema	ZP:0001192	ZP:0000107
16	16	cardiac edema	ZP:0001192	ZP:0000107
16	17	cardiac edema	ZP:0001192	ZP:0000107
16	19	cardiac edema	ZP:0001192	ZP:0000107
16	13	somites not visible	ZP:0001601	ZP:0001601
16	14	somites not visible	ZP:0001601	ZP:0001601
16	22	wider angle of somites	ZP:0001601	ZP:0001601
16	11	cranio facial abnormality	ZP:0001609	ZP:0001609
16	12	cranio facial malformation	ZP:0001609	ZP:0001609
16	1	craniofacial abnormality	ZP:0001609	ZP:0001609
16	2	craniofacial abnormality	ZP:0001609	ZP:0001609
16	6	craniofacial abnormality	ZP:0001609	ZP:0001609
16	10	craniofacial malformation	ZP:0001609	ZP:0001609
16	19	craniofacial malformation	ZP:0001609	ZP:0001609
16	20	craniofacial malformation	ZP:0001609	ZP:0001609
16	21	maybe necrotic head and yolk sac	ZP:0002197	ZP:0002676
16	15	darker brainstructure maybe necrotic	ZP:0002311	ZP:0001609
16	21	maybe necrotic head and yolk sac	ZP:0002311	ZP:0001609
16	3	yolk malformation	ZP:0002676	ZP:0002676
16	4	yolk malformation	ZP:0002676	ZP:0002676
16	10	yolk sac malformation	ZP:0002676	ZP:0002676
16	11	yolk sac malformation	ZP:0002676	ZP:0002676
16	12	yolk sac malformation	ZP:0002676	ZP:0002676
16	13	yolk sac malformation	ZP:0002676	ZP:0002676
16	14	yolk sac malformation	ZP:0002676	ZP:0002676
16	17	yolk sac malformation	ZP:0002676	ZP:0002676
16	23	yolk sac malformation	ZP:0002676	ZP:0002676
16	25	yolk sac malformation	ZP:0002676	ZP:0002676
16	26	yolk sac malformed	ZP:0002676	ZP:0002676
16	10	lack of swim bladder	ZP:0002944	ZP:0127709
16	12	lack of swim bladder	ZP:0002944	ZP:0127709
16	13	lack of swim bladder	ZP:0002944	ZP:0127709
16	14	lack of swim bladder	ZP:0002944	ZP:0127709
16	16	lack of swim bladder	ZP:0002944	ZP:0127709
16	17	lack of swim bladder	ZP:0002944	ZP:0127709
16	23	lack of swim bladder; 	ZP:0002944	ZP:0127709
16	1	lack of swimbladder	ZP:0002944	ZP:0127709
16	2	lack of swimbladder	ZP:0002944	ZP:0127709
16	3	lack of swimbladder	ZP:0002944	ZP:0127709
16	4	lack of swimbladder	ZP:0002944	ZP:0127709
16	19	lack of swimm bladder	ZP:0002944	ZP:0127709
16	20	lack of swimm bladder	ZP:0002944	ZP:0127709
16	21	lack of swimm bladder	ZP:0002944	ZP:0127709
16	24	lack of swimm bladder	ZP:0002944	ZP:0127709
16	22	lack of swimm blader	ZP:0002944	ZP:0127709
16	11	tail tip necrosis	ZP:0004969	ZP:0001129
16	25	curved body axis, 	ZP:0005012	ZP:0127724
16	9	smaller swimbladder	ZP:0005125	ZP:0127709
16	13	notocord not visible	ZP:0007632	ZP:0000624
16	14	notocord not visible	ZP:0007632	ZP:0000624
16	14	bend tail	ZP:0010319	ZP:0001129
16	21	curved tail	ZP:0010319	ZP:0001129
16	19	curved tail tip	ZP:0010319	ZP:0001129
16	10	slightly curved tail	ZP:0010319	ZP:0001129
16	20	slightly curved tail	ZP:0010319	ZP:0001129
16	13	affected pigmentation	ZP:0015121	ZP:0015121
16	14	affected pigmentation	ZP:0015121	ZP:0015121
16	18	black dots in the tail fin	ZP:0015121	ZP:0015121
16	16	swollen gut	ZP:0016128	ZP:0002008
16	17	swollen gut	ZP:0016128	ZP:0002008
6	5		normal	normal
6	6		normal	normal
6	15		normal	normal
6	14	brain	ZP:0000100	ZP:0000100
6	21	brain	ZP:0000100	ZP:0000100
6	25	nc	ZP:0000624	ZP:0000624
6	26	nc	ZP:0000624	ZP:0000624
6	10	eye	ZP:0000943	ZP:0000943
6	11	eye	ZP:0000943	ZP:0000943
6	14	eye	ZP:0000943	ZP:0000943
6	16	eye	ZP:0000943	ZP:0000943
6	17	eye	ZP:0000943	ZP:0000943
6	18	eye	ZP:0000943	ZP:0000943
6	19	eye	ZP:0000943	ZP:0000943
6	20	eye	ZP:0000943	ZP:0000943
6	21	eye	ZP:0000943	ZP:0000943
6	25	eye	ZP:0000943	ZP:0000943
6	26	eye	ZP:0000943	ZP:0000943
6	2	PE	ZP:0001192	ZP:0000107
6	3	PE	ZP:0001192	ZP:0000107
6	4	PE	ZP:0001192	ZP:0000107
6	10	pe	ZP:0001192	ZP:0000107
6	11	pe	ZP:0001192	ZP:0000107
6	12	pe	ZP:0001192	ZP:0000107
6	13	pe	ZP:0001192	ZP:0000107
6	14	pe	ZP:0001192	ZP:0000107
6	16	pe	ZP:0001192	ZP:0000107
6	17	pe	ZP:0001192	ZP:0000107
6	19	pe	ZP:0001192	ZP:0000107
6	20	pe	ZP:0001192	ZP:0000107
6	21	pe	ZP:0001192	ZP:0000107
6	25	pe	ZP:0001192	ZP:0000107
6	26	pe	ZP:0001192	ZP:0000107
6	1	PEricardial edema	ZP:0001192	ZP:0000107
6	3	(probably)pfin	ZP:0001610	ZP:0001610
6	4	(probably)pfin	ZP:0001610	ZP:0001610
6	14	pfin	ZP:0001610	ZP:0001610
6	16	pfin	ZP:0001610	ZP:0001610
6	17	pfin	ZP:0001610	ZP:0001610
6	18	pfin	ZP:0001610	ZP:0001610
6	19	pfin	ZP:0001610	ZP:0001610
6	20	pfin	ZP:0001610	ZP:0001610
6	21	pfin	ZP:0001610	ZP:0001610
6	25	pfin	ZP:0001610	ZP:0001610
6	26	pfin	ZP:0001610	ZP:0001610
6	10	pfin' (probably)pfin	ZP:0001610	ZP:0001610
6	11	pfin' (probably)pfin	ZP:0001610	ZP:0001610
6	3	YSE	ZP:0002060	ZP:0002676
6	4	YSE	ZP:0002060	ZP:0002676
6	9	yse	ZP:0002060	ZP:0002676
6	10	yse	ZP:0002060	ZP:0002676
6	11	yse	ZP:0002060	ZP:0002676
6	12	yse	ZP:0002060	ZP:0002676
6	13	yse	ZP:0002060	ZP:0002676
6	14	yse	ZP:0002060	ZP:0002676
6	16	yse	ZP:0002060	ZP:0002676
6	17	yse	ZP:0002060	ZP:0002676
6	18	yse	ZP:0002060	ZP:0002676
6	19	yse	ZP:0002060	ZP:0002676
6	20	yse	ZP:0002060	ZP:0002676
6	21	yse	ZP:0002060	ZP:0002676
6	22	yse	ZP:0002060	ZP:0002676
6	23	yse	ZP:0002060	ZP:0002676
6	24	yse	ZP:0002060	ZP:0002676
6	25	yse	ZP:0002060	ZP:0002676
6	26	yse	ZP:0002060	ZP:0002676
6	1	trunk	ZP:0003437	ZP:0003437
6	2	Trunk	ZP:0003437	ZP:0003437
6	3	Trunk	ZP:0003437	ZP:0003437
6	4	Trunk	ZP:0003437	ZP:0003437
6	10	trunk	ZP:0003437	ZP:0003437
6	11	trunk	ZP:0003437	ZP:0003437
6	14	trunk	ZP:0003437	ZP:0003437
6	19	trunk	ZP:0003437	ZP:0003437
6	20	trunk	ZP:0003437	ZP:0003437
6	21	trunk	ZP:0003437	ZP:0003437
6	22	Trunk	ZP:0003437	ZP:0003437
6	25	trunk	ZP:0003437	ZP:0003437
6	26	trunk	ZP:0003437	ZP:0003437
6	3	cfin	ZP:0004969	ZP:0001129
6	4	cfin	ZP:0004969	ZP:0001129
6	14	cfin	ZP:0004969	ZP:0001129
6	19	cfin	ZP:0004969	ZP:0001129
6	20	cfin	ZP:0004969	ZP:0001129
6	21	cfin	ZP:0004969	ZP:0001129
6	22	cfin	ZP:0004969	ZP:0001129
6	25	cfin	ZP:0004969	ZP:0001129
6	26	cfin	ZP:0004969	ZP:0001129
6	23	jaw	ZP:0007203	ZP:0007203
6	1	jaw	ZP:0007203	ZP:0007203
6	2	jaw	ZP:0007203	ZP:0007203
6	3	jaw	ZP:0007203	ZP:0007203
6	4	jaw	ZP:0007203	ZP:0007203
6	10	jaw	ZP:0007203	ZP:0007203
6	11	jaw	ZP:0007203	ZP:0007203
6	12	jaw	ZP:0007203	ZP:0007203
6	13	jaw	ZP:0007203	ZP:0007203
6	14	jaw	ZP:0007203	ZP:0007203
6	16	jaw	ZP:0007203	ZP:0007203
6	17	jaw	ZP:0007203	ZP:0007203
6	18	jaw	ZP:0007203	ZP:0007203
6	19	jaw	ZP:0007203	ZP:0007203
6	20	jaw	ZP:0007203	ZP:0007203
6	21	jaw	ZP:0007203	ZP:0007203
6	25	jaw	ZP:0007203	ZP:0007203
6	26	jaw	ZP:0007203	ZP:0007203
6	1	snout	ZP:0014550	ZP:0014550
6	2	snout	ZP:0014550	ZP:0014550
6	3	snout	ZP:0014550	ZP:0014550
6	4	snout	ZP:0014550	ZP:0014550
6	10	snout	ZP:0014550	ZP:0014550
6	11	snout	ZP:0014550	ZP:0014550
6	13	snout	ZP:0014550	ZP:0014550
6	14	snout	ZP:0014550	ZP:0014550
6	16	snout	ZP:0014550	ZP:0014550
6	17	snout	ZP:0014550	ZP:0014550
6	18	snout	ZP:0014550	ZP:0014550
6	19	snout	ZP:0014550	ZP:0014550
6	20	snout	ZP:0014550	ZP:0014550
6	21	snout	ZP:0014550	ZP:0014550
6	25	snout	ZP:0014550	ZP:0014550
6	26	snout	ZP:0014550	ZP:0014550
6	9	pig	ZP:0015121	ZP:0015121
6	21	pig	ZP:0015121	ZP:0015121
6	14	axis	ZP:0127724	ZP:0127724
6	20	axis	ZP:0127724	ZP:0127724
6	21	axis	ZP:0127724	ZP:0127724
6	25	axis	ZP:0127724	ZP:0127724
6	26	axis	ZP:0127724	ZP:0127724
8	5		normal	normal
8	6		normal	normal
8	18		normal	normal
8	15	brai	ZP:0000100	ZP:0000100
8	16	brai	ZP:0000100	ZP:0000100
8	17	brai	ZP:0000100	ZP:0000100
8	19	brai	ZP:0000100	ZP:0000100
8	20	brai	ZP:0000100	ZP:0000100
8	23	brai	ZP:0000100	ZP:0000100
8	1	brain	ZP:0000100	ZP:0000100
8	2	brain	ZP:0000100	ZP:0000100
8	2	brain	ZP:0000100	ZP:0000100
8	3	brain	ZP:0000100	ZP:0000100
8	3	brain	ZP:0000100	ZP:0000100
8	4	brain	ZP:0000100	ZP:0000100
8	4	brain	ZP:0000100	ZP:0000100
8	11	brain	ZP:0000100	ZP:0000100
8	13	brain	ZP:0000100	ZP:0000100
8	14	brain	ZP:0000100	ZP:0000100
8	21	brain	ZP:0000100	ZP:0000100
8	25	brain	ZP:0000100	ZP:0000100
8	26	brain	ZP:0000100	ZP:0000100
8	26	nc	ZP:0000624	ZP:0000624
8	3	eye	ZP:0000943	ZP:0000943
8	4	eye	ZP:0000943	ZP:0000943
8	10	eye	ZP:0000943	ZP:0000943
8	11	eye	ZP:0000943	ZP:0000943
8	14	eye	ZP:0000943	ZP:0000943
8	16	eye	ZP:0000943	ZP:0000943
8	17	eye	ZP:0000943	ZP:0000943
8	19	eye	ZP:0000943	ZP:0000943
8	20	eye	ZP:0000943	ZP:0000943
8	21	eye	ZP:0000943	ZP:0000943
8	25	eye	ZP:0000943	ZP:0000943
8	1	pe	ZP:0001192	ZP:0000107
8	2	pe	ZP:0001192	ZP:0000107
8	3	pe	ZP:0001192	ZP:0000107
8	4	pe	ZP:0001192	ZP:0000107
8	10	pe	ZP:0001192	ZP:0000107
8	11	pe	ZP:0001192	ZP:0000107
8	12	pe	ZP:0001192	ZP:0000107
8	13	pe	ZP:0001192	ZP:0000107
8	14	pe	ZP:0001192	ZP:0000107
8	16	pe	ZP:0001192	ZP:0000107
8	17	pe	ZP:0001192	ZP:0000107
8	19	pe	ZP:0001192	ZP:0000107
8	21	pe	ZP:0001192	ZP:0000107
8	25	pe	ZP:0001192	ZP:0000107
8	26	pe	ZP:0001192	ZP:0000107
8	11	otic	ZP:0001601	ZP:0001601
8	13	otic	ZP:0001601	ZP:0001601
8	14	otic	ZP:0001601	ZP:0001601
8	16	otic	ZP:0001601	ZP:0001601
8	21	otic	ZP:0001601	ZP:0001601
8	25	otic	ZP:0001601	ZP:0001601
8	13	somi	ZP:0001601	ZP:0001601
8	22	somi	ZP:0001601	ZP:0001601
8	11	somite	ZP:0001601	ZP:0001601
8	14	somite	ZP:0001601	ZP:0001601
8	25	somite	ZP:0001601	ZP:0001601
8	1	yse	ZP:0002060	ZP:0002676
8	2	yse	ZP:0002060	ZP:0002676
8	3	yse	ZP:0002060	ZP:0002676
8	4	yse	ZP:0002060	ZP:0002676
8	10	yse	ZP:0002060	ZP:0002676
8	11	yse	ZP:0002060	ZP:0002676
8	13	yse	ZP:0002060	ZP:0002676
8	14	yse	ZP:0002060	ZP:0002676
8	16	yse	ZP:0002060	ZP:0002676
8	17	yse	ZP:0002060	ZP:0002676
8	19	yse	ZP:0002060	ZP:0002676
8	21	yse	ZP:0002060	ZP:0002676
8	23	yse	ZP:0002060	ZP:0002676
8	25	yse	ZP:0002060	ZP:0002676
8	15	yse	ZP:0002060	ZP:0002676
8	22	trun	ZP:0003437	ZP:0003437
8	1	trunk	ZP:0003437	ZP:0003437
8	2	trunk	ZP:0003437	ZP:0003437
8	3	trunk	ZP:0003437	ZP:0003437
8	4	trunk	ZP:0003437	ZP:0003437
8	10	trunk	ZP:0003437	ZP:0003437
8	11	trunk	ZP:0003437	ZP:0003437
8	14	trunk	ZP:0003437	ZP:0003437
8	19	trunk	ZP:0003437	ZP:0003437
8	25	trunk	ZP:0003437	ZP:0003437
8	26	trunk	ZP:0003437	ZP:0003437
8	11	cfin	ZP:0004969	ZP:0001129
8	14	cfin	ZP:0004969	ZP:0001129
8	16	cfin	ZP:0004969	ZP:0001129
8	17	cfin	ZP:0004969	ZP:0001129
8	19	cfin	ZP:0004969	ZP:0001129
8	20	cfin	ZP:0004969	ZP:0001129
8	25	cfin	ZP:0004969	ZP:0001129
8	1	jaw	ZP:0007203	ZP:0007203
8	2	jaw	ZP:0007203	ZP:0007203
8	3	jaw	ZP:0007203	ZP:0007203
8	4	jaw	ZP:0007203	ZP:0007203
8	10	jaw	ZP:0007203	ZP:0007203
8	11	jaw	ZP:0007203	ZP:0007203
8	12	jaw	ZP:0007203	ZP:0007203
8	13	jaw	ZP:0007203	ZP:0007203
8	14	jaw	ZP:0007203	ZP:0007203
8	16	jaw	ZP:0007203	ZP:0007203
8	17	jaw	ZP:0007203	ZP:0007203
8	19	jaw	ZP:0007203	ZP:0007203
8	20	jaw	ZP:0007203	ZP:0007203
8	21	jaw	ZP:0007203	ZP:0007203
8	23	jaw	ZP:0007203	ZP:0007203
8	25	jaw	ZP:0007203	ZP:0007203
8	26	jaw	ZP:0007203	ZP:0007203
8	20	snou	ZP:0014550	ZP:0014550
8	22	snou	ZP:0014550	ZP:0014550
8	23	snou	ZP:0014550	ZP:0014550
8	26	snou	ZP:0014550	ZP:0014550
8	24	snou;	ZP:0014550	ZP:0014550
8	1	snout	ZP:0014550	ZP:0014550
8	2	snout	ZP:0014550	ZP:0014550
8	3	snout	ZP:0014550	ZP:0014550
8	4	snout	ZP:0014550	ZP:0014550
8	11	snout	ZP:0014550	ZP:0014550
8	13	snout	ZP:0014550	ZP:0014550
8	14	snout	ZP:0014550	ZP:0014550
8	16	snout	ZP:0014550	ZP:0014550
8	17	snout	ZP:0014550	ZP:0014550
8	19	snout	ZP:0014550	ZP:0014550
8	21	snout	ZP:0014550	ZP:0014550
8	25	snout	ZP:0014550	ZP:0014550
8	9	pig	ZP:0015121	ZP:0015121
8	11	pig	ZP:0015121	ZP:0015121
8	13	pig	ZP:0015121	ZP:0015121
8	14	pig	ZP:0015121	ZP:0015121
8	17	pig	ZP:0015121	ZP:0015121
8	21	pig	ZP:0015121	ZP:0015121
8	23	pig	ZP:0015121	ZP:0015121
8	25	pig	ZP:0015121	ZP:0015121
8	26	pig	ZP:0015121	ZP:0015121
8	1	swim	ZP:0127709	ZP:0127709
8	2	swim	ZP:0127709	ZP:0127709
8	3	swim	ZP:0127709	ZP:0127709
8	4	swim	ZP:0127709	ZP:0127709
8	9	swim	ZP:0127709	ZP:0127709
8	10	swim	ZP:0127709	ZP:0127709
8	11	swim	ZP:0127709	ZP:0127709
8	12	swim	ZP:0127709	ZP:0127709
8	13	swim	ZP:0127709	ZP:0127709
8	14	swim	ZP:0127709	ZP:0127709
8	16	swim	ZP:0127709	ZP:0127709
8	17	swim	ZP:0127709	ZP:0127709
8	19	swim	ZP:0127709	ZP:0127709
8	20	swim	ZP:0127709	ZP:0127709
8	21	swim	ZP:0127709	ZP:0127709
8	22	swim	ZP:0127709	ZP:0127709
8	23	swim	ZP:0127709	ZP:0127709
8	24	swim	ZP:0127709	ZP:0127709
8	25	swim	ZP:0127709	ZP:0127709
8	26	swim	ZP:0127709	ZP:0127709
8	2	axis	ZP:0127724	ZP:0127724
8	3	axis	ZP:0127724	ZP:0127724
8	4	axis	ZP:0127724	ZP:0127724
8	11	axis	ZP:0127724	ZP:0127724
8	14	axis	ZP:0127724	ZP:0127724
8	20	axis	ZP:0127724	ZP:0127724
8	21	axis	ZP:0127724	ZP:0127724
8	25	axis	ZP:0127724	ZP:0127724
8	26	axis	ZP:0127724	ZP:0127724
11	5	normal development	normal	normal
11	24	normal development	normal	normal
11	18	yolk sac distension	ZP:0000102	ZP:0002676
11	25	notochord malformation	ZP:0000624	ZP:0000624
11	13	notochord underdevelopment	ZP:0000624	ZP:0000624
11	26	severe notochord malformation	ZP:0000624	ZP:0000624
11	22	possible short tail	ZP:0001130	ZP:0001129
11	1	pericardial edema	ZP:0001192	ZP:0000107
11	2	pericardial edema	ZP:0001192	ZP:0000107
11	3	pericardial edema	ZP:0001192	ZP:0000107
11	4	pericardial edema	ZP:0001192	ZP:0000107
11	10	pericardial edema	ZP:0001192	ZP:0000107
11	11	pericardial edema	ZP:0001192	ZP:0000107
11	12	pericardial edema	ZP:0001192	ZP:0000107
11	13	pericardial edema	ZP:0001192	ZP:0000107
11	14	pericardial edema	ZP:0001192	ZP:0000107
11	16	pericardial edema	ZP:0001192	ZP:0000107
11	17	pericardial edema	ZP:0001192	ZP:0000107
11	19	pericardial edema	ZP:0001192	ZP:0000107
11	10	swim bladder malformation (deflated)	ZP:0001211	ZP:0127709
11	26	lack of defined somites	ZP:0001601	ZP:0001601
11	13	lack of somite development	ZP:0001601	ZP:0001601
11	14	somites not defined	ZP:0001601	ZP:0001601
11	21	somites not formed completely	ZP:0001601	ZP:0001601
11	12	possible cranial malformation	ZP:0001609	ZP:0001609
11	15	slight cranial malformation distal to eye	ZP:0001609	ZP:0001609
11	19	gut malformation	ZP:0002008	ZP:0002008
11	17	possible gut/GI tract malformation	ZP:0002008	ZP:0002008
11	21	edema	ZP:0002060	ZP:0002676
11	1	possible yolk sac malformation/edema	ZP:0002060	ZP:0002676
11	11	yolk sac edema/degradation	ZP:0002060	ZP:0002676
11	2	yolk sac edema/malformation	ZP:0002060	ZP:0002676
11	3	yolk sac edema/malformation	ZP:0002060	ZP:0002676
11	4	yolk sac edema/malformation	ZP:0002060	ZP:0002676
11	16	yolk sac malformation/edema	ZP:0002060	ZP:0002676
11	17	yolk sac malformation/edema	ZP:0002060	ZP:0002676
11	9	possible yolk sac degradation	ZP:0002676	ZP:0002676
11	10	yolk sac degradation	ZP:0002676	ZP:0002676
11	14	yolk sac degradation	ZP:0002676	ZP:0002676
11	21	yolk sac degradation	ZP:0002676	ZP:0002676
11	23	yolk sac degradation	ZP:0002676	ZP:0002676
11	25	yolk sac degradation	ZP:0002676	ZP:0002676
11	26	yolk sac degradation	ZP:0002676	ZP:0002676
11	13	yolk sac malformation	ZP:0002676	ZP:0002676
11	11	swim bladder not evident	ZP:0002944	ZP:0127709
11	14	swim bladder not evident	ZP:0002944	ZP:0127709
11	19	swim bladder not evident	ZP:0002944	ZP:0127709
11	11	vacuolization in end of tail	ZP:0004969	ZP:0001129
11	20	curved back/tail	ZP:0005012	ZP:0127724
11	21	curved back/tail	ZP:0005012	ZP:0127724
11	26	curved back/tail	ZP:0005012	ZP:0127724
11	26	possible blood cell pooling in pericardium	ZP:0005930	ZP:0000107
11	12	possible red blood cell pooling in pericardial region	ZP:0005930	ZP:0000107
11	3	red blood cells pooled in pericadial region	ZP:0005930	ZP:0000107
11	19	cranial malformation (jaw/mouth)	ZP:0007203	ZP:0007203
11	26	cranial malformation (mouth	ZP:0007203	ZP:0007203
11	4	cranial malformation (mouth/jaw)	ZP:0007203	ZP:0007203
11	6	cranial malformation (mouth/jaw)	ZP:0007203	ZP:0007203
11	10	cranial malformation (mouth/jaw)	ZP:0007203	ZP:0007203
11	11	cranial malformation (mouth/jaw)	ZP:0007203	ZP:0007203
11	13	cranial malformation (mouth/jaw)	ZP:0007203	ZP:0007203
11	14	cranial malformation (mouth/jaw)	ZP:0007203	ZP:0007203
11	21	cranial malformation (mouth/jaw)	ZP:0007203	ZP:0007203
11	3	cranial malformation 0(mouth/jaw)	ZP:0007203	ZP:0007203
11	23	jaw malformation	ZP:0007203	ZP:0007203
11	20	jaw/mouth malformation	ZP:0007203	ZP:0007203
11	10	slight tail curve	ZP:0010319	ZP:0001129
11	14	tail curve	ZP:0010319	ZP:0001129
11	25	tail curve	ZP:0010319	ZP:0001129
11	22	tail tip curve	ZP:0010319	ZP:0001129
11	13	pigment problem	ZP:0015121	ZP:0015121
11	12	possible swim bladder malformation	ZP:0127709	ZP:0127709
11	16	possible swim bladder malformation	ZP:0127709	ZP:0127709
11	20	swim bladder deflated	ZP:0127709	ZP:0127709
11	3	swim bladder malformation	ZP:0127709	ZP:0127709
11	9	swim bladder malformation	ZP:0127709	ZP:0127709
14	5	normal	normal	normal
14	6	normal	normal	normal
14	15	normal	normal	normal
14	18		normal	normal
14	25		normal	normal
14	3	reduced eye size	ZP:0000043	ZP:0000943
14	4	reduced eye size	ZP:0000043	ZP:0000943
14	11	reduced eye size	ZP:0000043	ZP:0000943
14	13	reduced eye size	ZP:0000043	ZP:0000943
14	16	reduced eye size	ZP:0000043	ZP:0000943
14	17	reduced eye size	ZP:0000043	ZP:0000943
14	21	reduced eye size	ZP:0000043	ZP:0000943
14	3	heart deformation	ZP:0000107	ZP:0000107
14	4	heart deformation	ZP:0000107	ZP:0000107
14	11	heart deformation	ZP:0000107	ZP:0000107
14	16	heart deformation	ZP:0000107	ZP:0000107
14	17	heart deformation	ZP:0000107	ZP:0000107
14	21	heart malformations	ZP:0000107	ZP:0000107
14	14	dead	ZP:0000306	ZP:0000306
14	13	necrotic	ZP:0000398	ZP:0000306
14	14	necrotic	ZP:0000398	ZP:0000306
14	26	modified chorda structure	ZP:0000624	ZP:0000624
14	13	tail deformation	ZP:0001129	ZP:0001129
14	1	reduced tail length	ZP:0001130	ZP:0001129
14	2	reduced tail length	ZP:0001130	ZP:0001129
14	3	reduced tail length	ZP:0001130	ZP:0001129
14	4	reduced tail length	ZP:0001130	ZP:0001129
14	11	reduced tail length	ZP:0001130	ZP:0001129
14	22	reduced tail length	ZP:0001130	ZP:0001129
14	1	pericard edema	ZP:0001192	ZP:0000107
14	2	pericard edema	ZP:0001192	ZP:0000107
14	3	pericard edema	ZP:0001192	ZP:0000107
14	4	pericard edema	ZP:0001192	ZP:0000107
14	10	pericard edema	ZP:0001192	ZP:0000107
14	11	pericard edema	ZP:0001192	ZP:0000107
14	12	pericard edema	ZP:0001192	ZP:0000107
14	13	pericard edema	ZP:0001192	ZP:0000107
14	16	pericard edema	ZP:0001192	ZP:0000107
14	17	pericard edema	ZP:0001192	ZP:0000107
14	19	pericard edema	ZP:0001192	ZP:0000107
14	1	no swim bladder inflation	ZP:0001211	ZP:0127709
14	2	no swim bladder inflation	ZP:0001211	ZP:0127709
14	3	no swim bladder inflation	ZP:0001211	ZP:0127709
14	4	no swim bladder inflation	ZP:0001211	ZP:0127709
14	10	no swim bladder inflation	ZP:0001211	ZP:0127709
14	11	no swim bladder inflation	ZP:0001211	ZP:0127709
14	16	no swim bladder inflation	ZP:0001211	ZP:0127709
14	17	no swim bladder inflation	ZP:0001211	ZP:0127709
14	19	no swim bladder inflation	ZP:0001211	ZP:0127709
14	21	no swim bladder inflation	ZP:0001211	ZP:0127709
14	22	no swim bladder inflation	ZP:0001211	ZP:0127709
14	23	no swim bladder inflation	ZP:0001211	ZP:0127709
14	24	no swim bladder inflation	ZP:0001211	ZP:0127709
14	26	no swim bladder inflation	ZP:0001211	ZP:0127709
14	12	no swim bladder inflation	ZP:0001211	ZP:0127709
14	20	no swim bladder inflation	ZP:0001211	ZP:0127709
14	9	reduced swim bladder inflation	ZP:0001211	ZP:0127709
14	1	head deformation	ZP:0001609	ZP:0001609
14	2	head deformation	ZP:0001609	ZP:0001609
14	3	head deformation	ZP:0001609	ZP:0001609
14	4	head deformation	ZP:0001609	ZP:0001609
14	11	head deformation	ZP:0001609	ZP:0001609
14	16	head deformation	ZP:0001609	ZP:0001609
14	17	head deformation	ZP:0001609	ZP:0001609
14	13	head deformations	ZP:0001609	ZP:0001609
14	21	head deformations	ZP:0001609	ZP:0001609
14	3	Yolk sack edema	ZP:0002060	ZP:0002676
14	11	Yolk sack edema	ZP:0002060	ZP:0002676
14	3	yolksack deformation	ZP:0002676	ZP:0002676
14	4	yolksack deformation	ZP:0002676	ZP:0002676
14	10	yolksack deformation	ZP:0002676	ZP:0002676
14	11	yolksack deformation	ZP:0002676	ZP:0002676
14	10	scoliosis	ZP:0009010	ZP:0000624
14	19	scoliosis	ZP:0009010	ZP:0000624
14	20	scoliosis	ZP:0009010	ZP:0000624
14	21	scoliosis	ZP:0009010	ZP:0000624
14	26	scoliosis	ZP:0009010	ZP:0000624
4	5	Normal	normal	normal
4	6	Normal	normal	normal
4	13	necrosis	ZP:0000398	ZP:0000306
4	14	necrosis	ZP:0000398	ZP:0000306
4	15	Necrosis	ZP:0000398	ZP:0000306
4	1	developmental delay	ZP:0000473	ZP:0012799
4	3	developmental delay	ZP:0000473	ZP:0012799
4	4	developmental delay	ZP:0000473	ZP:0012799
4	9	Developmental delay	ZP:0000473	ZP:0012799
4	11	Developmental delay	ZP:0000473	ZP:0012799
4	14	developmental delay	ZP:0000473	ZP:0012799
4	16	developmental delay	ZP:0000473	ZP:0012799
4	17	developmental delay	ZP:0000473	ZP:0012799
4	21	Developmental delay	ZP:0000473	ZP:0012799
4	25	developmental delay	ZP:0000473	ZP:0012799
4	25	notochord distortion	ZP:0000624	ZP:0000624
4	26	notochord distortion	ZP:0000624	ZP:0000624
4	3	eye size defects	ZP:0000943	ZP:0000943
4	4	eye size defects	ZP:0000943	ZP:0000943
4	9	eye size defects	ZP:0000943	ZP:0000943
4	10	eye size defects	ZP:0000943	ZP:0000943
4	11	eye size defects	ZP:0000943	ZP:0000943
4	13	eye size defects	ZP:0000943	ZP:0000943
4	14	eye size defects	ZP:0000943	ZP:0000943
4	16	eye size defects	ZP:0000943	ZP:0000943
4	17	eye size defects	ZP:0000943	ZP:0000943
4	19	eye size defects	ZP:0000943	ZP:0000943
4	20	eye size defects	ZP:0000943	ZP:0000943
4	21	eye size defects	ZP:0000943	ZP:0000943
4	25	eye size defects	ZP:0000943	ZP:0000943
4	1	Heart edema	ZP:0001192	ZP:0000107
4	3	Heart edema	ZP:0001192	ZP:0000107
4	4	Heart edema	ZP:0001192	ZP:0000107
4	10	Heart edema	ZP:0001192	ZP:0000107
4	11	heart edema	ZP:0001192	ZP:0000107
4	12	Heart edema	ZP:0001192	ZP:0000107
4	13	Heart edema	ZP:0001192	ZP:0000107
4	14	Heart edema	ZP:0001192	ZP:0000107
4	16	Heart edema	ZP:0001192	ZP:0000107
4	17	Heart edema	ZP:0001192	ZP:0000107
4	19	Heart edema	ZP:0001192	ZP:0000107
4	1	otic vesicle defects	ZP:0001601	ZP:0001601
4	17	otic vesicle defects	ZP:0001601	ZP:0001601
4	21	otic vesicle defects	ZP:0001601	ZP:0001601
4	11	otic vesicle defects	ZP:0001601	ZP:0001601
4	21	otoliths defects	ZP:0001601	ZP:0001601
4	1	head size defects	ZP:0001609	ZP:0001609
4	3	head size defects	ZP:0001609	ZP:0001609
4	4	head size defects	ZP:0001609	ZP:0001609
4	9	head size defects	ZP:0001609	ZP:0001609
4	12	head size defects	ZP:0001609	ZP:0001609
4	13	head size defects	ZP:0001609	ZP:0001609
4	16	head size defects	ZP:0001609	ZP:0001609
4	21	head size defects	ZP:0001609	ZP:0001609
4	3	yolk sac edema	ZP:0002060	ZP:0002676
4	4	yolk sac edema	ZP:0002060	ZP:0002676
4	16	yolk sac edema	ZP:0002060	ZP:0002676
4	17	yolk sac edema	ZP:0002060	ZP:0002676
4	1	yolk size defects	ZP:0002676	ZP:0002676
4	3	yolk size defects	ZP:0002676	ZP:0002676
4	4	yolk size defects	ZP:0002676	ZP:0002676
4	10	yolk size defects	ZP:0002676	ZP:0002676
4	11	yolk size defects	ZP:0002676	ZP:0002676
4	18	Yolk size defects	ZP:0002676	ZP:0002676
4	19	yolk size defects	ZP:0002676	ZP:0002676
4	21	yolk size defects	ZP:0002676	ZP:0002676
4	22	yolk size defects	ZP:0002676	ZP:0002676
4	25	yolk size defects	ZP:0002676	ZP:0002676
4	26	yolk size defects	ZP:0002676	ZP:0002676
4	11	jaw defects	ZP:0007203	ZP:0007203
4	14	jaw defects	ZP:0007203	ZP:0007203
4	19	jaw defects	ZP:0007203	ZP:0007203
4	20	jaw defects	ZP:0007203	ZP:0007203
4	21	jaw defects	ZP:0007203	ZP:0007203
4	26	jaw defects	ZP:0007203	ZP:0007203
4	10	scoliosis	ZP:0009010	ZP:0000624
4	19	scoliosis	ZP:0009010	ZP:0000624
4	14	tail bending	ZP:0010319	ZP:0001129
4	22	tail bending	ZP:0010319	ZP:0001129
4	3	body length defects	ZP:0012799	ZP:0012799
4	4	body length defects	ZP:0012799	ZP:0012799
4	9	body length defects	ZP:0012799	ZP:0012799
4	11	body length defects	ZP:0012799	ZP:0012799
4	12	body length defects	ZP:0012799	ZP:0012799
4	13	body length defects	ZP:0012799	ZP:0012799
4	14	body length defects	ZP:0012799	ZP:0012799
4	19	body length defects	ZP:0012799	ZP:0012799
4	20	body length defects	ZP:0012799	ZP:0012799
4	21	body length defects	ZP:0012799	ZP:0012799
4	22	Body length defects	ZP:0012799	ZP:0012799
4	23	body length defects	ZP:0012799	ZP:0012799
4	25	body length defects	ZP:0012799	ZP:0012799
4	26	body length defects	ZP:0012799	ZP:0012799
4	1	body length defects	ZP:0012799	ZP:0012799
4	3	snout defects	ZP:0014550	ZP:0014550
4	4	snout defects	ZP:0014550	ZP:0014550
4	14	snout defects	ZP:0014550	ZP:0014550
4	16	snout defects	ZP:0014550	ZP:0014550
4	20	snout defects	ZP:0014550	ZP:0014550
4	21	snout defects	ZP:0014550	ZP:0014550
4	25	snout defects	ZP:0014550	ZP:0014550
4	26	snout defects	ZP:0014550	ZP:0014550
4	11	swim bladder defects	ZP:0127709	ZP:0127709
4	1	swim bladder defects	ZP:0127709	ZP:0127709
4	3	swim bladder defects	ZP:0127709	ZP:0127709
4	4	swim bladder defects	ZP:0127709	ZP:0127709
4	9	swim bladder defects	ZP:0127709	ZP:0127709
4	10	swim bladder defects	ZP:0127709	ZP:0127709
4	12	swim bladder defects	ZP:0127709	ZP:0127709
4	13	swim bladder defects	ZP:0127709	ZP:0127709
4	14	swim bladder defects	ZP:0127709	ZP:0127709
4	16	swim bladder defects	ZP:0127709	ZP:0127709
4	19	swim bladder defects	ZP:0127709	ZP:0127709
4	20	swim bladder defects	ZP:0127709	ZP:0127709
4	21	swim bladder defects	ZP:0127709	ZP:0127709
4	23	Swim bladder defects	ZP:0127709	ZP:0127709
4	24	Swim bladder defects	ZP:0127709	ZP:0127709
4	25	swim bladder defects	ZP:0127709	ZP:0127709
4	26	swim bladder defects	ZP:0127709	ZP:0127709
4	3	body axis defects	ZP:0127724	ZP:0127724
4	10	body axis defects	ZP:0127724	ZP:0127724
4	11	body axis defects	ZP:0127724	ZP:0127724
4	13	body axis defects	ZP:0127724	ZP:0127724
4	14	body axis defects	ZP:0127724	ZP:0127724
4	19	body axis defects	ZP:0127724	ZP:0127724
4	20	Body axis defects	ZP:0127724	ZP:0127724
4	20	body axis defects	ZP:0127724	ZP:0127724
4	21	body axis defects	ZP:0127724	ZP:0127724
4	21	body axis defects	ZP:0127724	ZP:0127724
4	25	Body axis defects	ZP:0127724	ZP:0127724
4	25	body axis defects	ZP:0127724	ZP:0127724
4	26	Body axis defects	ZP:0127724	ZP:0127724
4	26	body axis defects	ZP:0127724	ZP:0127724
4	2	developmental delay	ZP:0000473	ZP:0012799
4	2	Heart edema	ZP:0001192	ZP:0000107
4	2	head size defects	ZP:0001609	ZP:0001609
4	2	yolk size defects	ZP:0002676	ZP:0002676
4	2	jaw defects	ZP:0007203	ZP:0007203
4	2	body length defects	ZP:0012799	ZP:0012799
4	2	swim bladder defects	ZP:0127709	ZP:0127709
4	2	body axis defects	ZP:0127724	ZP:0127724
15	15	Hatched; normal	normal	normal
15	18	Hatched; normal	normal	normal
15	5	normal	normal	normal
15	6	normal	normal	normal
15	23	normal	normal	normal
15	24	normal	normal	normal
15	1	reduced length	ZP:0000473	ZP:0012799
15	2	reduced length	ZP:0000473	ZP:0012799
15	4	reduced length	ZP:0000473	ZP:0012799
15	11	reduced length	ZP:0000473	ZP:0012799
15	22	reduced length	ZP:0000473	ZP:0012799
15	25	reduced length	ZP:0000473	ZP:0012799
15	14	malformation tail	ZP:0001129	ZP:0001129
15	2	heart edema	ZP:0001192	ZP:0000107
15	3	Heart edema	ZP:0001192	ZP:0000107
15	4	Heart edema	ZP:0001192	ZP:0000107
15	10	heart edema	ZP:0001192	ZP:0000107
15	11	heart edema	ZP:0001192	ZP:0000107
15	12	heart edema	ZP:0001192	ZP:0000107
15	13	heart edema	ZP:0001192	ZP:0000107
15	14	heart edema	ZP:0001192	ZP:0000107
15	17	heart edema	ZP:0001192	ZP:0000107
15	9	swim bladder not fully inflated	ZP:0001211	ZP:0127709
15	20	swim bladder not fully inflated	ZP:0001211	ZP:0127709
15	1	swim bladder not inflated	ZP:0001211	ZP:0127709
15	2	swim bladder not inflated	ZP:0001211	ZP:0127709
15	10	swim bladder not inflated	ZP:0001211	ZP:0127709
15	11	swim bladder not inflated	ZP:0001211	ZP:0127709
15	12	swim bladder not inflated	ZP:0001211	ZP:0127709
15	13	swim bladder not inflated	ZP:0001211	ZP:0127709
15	14	swim bladder not inflated	ZP:0001211	ZP:0127709
15	17	swim bladder not inflated	ZP:0001211	ZP:0127709
15	25	swim bladder not inflated	ZP:0001211	ZP:0127709
15	26	swim bladder not inflated	ZP:0001211	ZP:0127709
15	19	swim bladder not inflated	ZP:0001211	ZP:0127709
15	11	Malformation head	ZP:0001609	ZP:0001609
15	10	yolk edema	ZP:0002060	ZP:0002676
15	3	Yolk deformations	ZP:0002676	ZP:0002676
15	4	Yolk deformations	ZP:0002676	ZP:0002676
15	21	modified axis structure	ZP:0127724	ZP:0127724
15	25	modified axis structure	ZP:0127724	ZP:0127724
15	26	modified axis structure	ZP:0127724	ZP:0127724
18	1	normal development	normal	normal
18	6	normal development	normal	normal
18	15	normal development	normal	normal
18	5	normal development	normal	normal
18	23	normal development	normal	normal
18	19	malformation heart	ZP:0000107	ZP:0000107
18	9	delay development	ZP:0000473	ZP:0012799
18	11	delay development	ZP:0000473	ZP:0012799
18	22	length of the tail	ZP:0001129	ZP:0001129
18	11	malformation tail	ZP:0001129	ZP:0001129
18	14	malformation tail	ZP:0001129	ZP:0001129
18	26	malformation tail	ZP:0001129	ZP:0001129
18	4	heart edema	ZP:0001192	ZP:0000107
18	12	heart edema	ZP:0001192	ZP:0000107
18	13	heart edema	ZP:0001192	ZP:0000107
18	2	heart edema	ZP:0001192	ZP:0000107
18	3	heart edema	ZP:0001192	ZP:0000107
18	10	heart edema	ZP:0001192	ZP:0000107
18	11	heart edema	ZP:0001192	ZP:0000107
18	14	heart edema	ZP:0001192	ZP:0000107
18	16	heart edema	ZP:0001192	ZP:0000107
18	17	heart edema	ZP:0001192	ZP:0000107
18	21	heart edema	ZP:0001192	ZP:0000107
18	10	no swim bladder inflation	ZP:0001211	ZP:0127709
18	19	no swim bladder inflation	ZP:0001211	ZP:0127709
18	22	no swim bladder inflation	ZP:0001211	ZP:0127709
18	24	no swim bladder inflation	ZP:0001211	ZP:0127709
18	9	swim bladder not completely inflated	ZP:0001211	ZP:0127709
18	11	malformation of sacculi/otoliths	ZP:0001601	ZP:0001601
18	13	somite formation	ZP:0001601	ZP:0001601
18	14	somite formation	ZP:0001601	ZP:0001601
18	21	somite formation	ZP:0001601	ZP:0001601
18	26	somite formation	ZP:0001601	ZP:0001601
18	3	malformation head	ZP:0001609	ZP:0001609
18	10	malformation head	ZP:0001609	ZP:0001609
18	11	malformation head	ZP:0001609	ZP:0001609
18	14	malformation head	ZP:0001609	ZP:0001609
18	19	malformation head	ZP:0001609	ZP:0001609
18	22	malformation head	ZP:0001609	ZP:0001609
18	25	malformation head	ZP:0001609	ZP:0001609
18	26	malformation head	ZP:0001609	ZP:0001609
18	18	malformation head	ZP:0001609	ZP:0001609
18	20	malformation head	ZP:0001609	ZP:0001609
18	3	yolk deformation	ZP:0002676	ZP:0002676
18	10	yolk deformation	ZP:0002676	ZP:0002676
18	11	yolk deformation	ZP:0002676	ZP:0002676
18	14	yolk deformation	ZP:0002676	ZP:0002676
18	21	yolk deformation	ZP:0002676	ZP:0002676
18	25	yolk deformation	ZP:0002676	ZP:0002676
18	26	yolk deformation	ZP:0002676	ZP:0002676
18	20	mouth deformation	ZP:0007203	ZP:0007203
18	18	mouth development	ZP:0007203	ZP:0007203
18	2	slight mouth malfromation	ZP:0007203	ZP:0007203
18	10	modified axis	ZP:0127724	ZP:0127724
18	14	modified axis	ZP:0127724	ZP:0127724
18	21	modified axis	ZP:0127724	ZP:0127724
18	25	modified axis	ZP:0127724	ZP:0127724
18	26	modified axis	ZP:0127724	ZP:0127724
13	5	normal	normal	normal
13	6	normal	normal	normal
13	3	small eyes	ZP:0000043	ZP:0000943
13	4	small eyes	ZP:0000043	ZP:0000943
13	11	small eyes	ZP:0000043	ZP:0000943
13	13	small eyes	ZP:0000043	ZP:0000943
13	14	small eyes	ZP:0000043	ZP:0000943
13	16	small eyes	ZP:0000043	ZP:0000943
13	17	small eyes	ZP:0000043	ZP:0000943
13	19	small eyes	ZP:0000043	ZP:0000943
13	21	small eyes	ZP:0000043	ZP:0000943
13	20	Comment: weird brain and jaw structure.	ZP:0000100	ZP:0000100
13	15	Comments: Brain hemorrahage? (would like to see a color picture). also seems to be some weird stuff going on in the yolk sac/organ area.	ZP:0000100	ZP:0000100
13	1	large yolk sac	ZP:0000102	ZP:0002676
13	2	large yolk sac	ZP:0000102	ZP:0002676
13	3	large yolk sac	ZP:0000102	ZP:0002676
13	4	large yolk sac	ZP:0000102	ZP:0002676
13	9	large yolk sac	ZP:0000102	ZP:0002676
13	11	large yolk sac	ZP:0000102	ZP:0002676
13	12	large yolk sac	ZP:0000102	ZP:0002676
13	14	large yolk sac	ZP:0000102	ZP:0002676
13	16	large yolk sac	ZP:0000102	ZP:0002676
13	17	large yolk sac	ZP:0000102	ZP:0002676
13	19	large yolk sac	ZP:0000102	ZP:0002676
13	20	large yolk sac	ZP:0000102	ZP:0002676
13	21	large yolk sac	ZP:0000102	ZP:0002676
13	22	large yolk sac	ZP:0000102	ZP:0002676
13	23	large yolk sac	ZP:0000102	ZP:0002676
13	24	large yolk sac	ZP:0000102	ZP:0002676
13	25	large yolk sac	ZP:0000102	ZP:0002676
13	26	large yolk sac	ZP:0000102	ZP:0002676
13	18	large yolk sac (organs not well defined)	ZP:0000102	ZP:0002676
13	13	large yolk sac	ZP:0000102	ZP:0002676
13	21	pericardial area seems too small	ZP:0000107	ZP:0000107
13	22	pericardial area seems too small	ZP:0000107	ZP:0000107
13	23	pericardial area seems too small	ZP:0000107	ZP:0000107
13	26	wavy notocord (dithiocarbamate treated?)	ZP:0000122	ZP:0000624
13	21	comment: picture is dark or else animal is likely necrotic.	ZP:0000398	ZP:0000306
13	26	comment: this is a much darker pictures that the others	ZP:0000398	ZP:0000306
13	14	comments: another dark photo or is the fish necrotic? difficult to tell.	ZP:0000398	ZP:0000306
13	13	comments: looks like a bad photo or else the larva is really dark and perhaps necrotic?	ZP:0000398	ZP:0000306
13	1	shortened body length	ZP:0000473	ZP:0012799
13	2	shortened body length	ZP:0000473	ZP:0012799
13	3	shortened body length	ZP:0000473	ZP:0012799
13	4	shortened body length	ZP:0000473	ZP:0012799
13	11	shortened body length	ZP:0000473	ZP:0012799
13	13	shortened body length	ZP:0000473	ZP:0012799
13	14	shortened body length	ZP:0000473	ZP:0012799
13	21	shortened body length	ZP:0000473	ZP:0012799
13	22	shortened body length	ZP:0000473	ZP:0012799
13	25	shortened body length	ZP:0000473	ZP:0012799
13	15	maybe some pericardial edema	ZP:0001192	ZP:0000107
13	1	pericardial edema	ZP:0001192	ZP:0000107
13	2	pericardial edema	ZP:0001192	ZP:0000107
13	3	pericardial edema	ZP:0001192	ZP:0000107
13	4	pericardial edema	ZP:0001192	ZP:0000107
13	10	pericardial edema	ZP:0001192	ZP:0000107
13	11	pericardial edema	ZP:0001192	ZP:0000107
13	12	pericardial edema	ZP:0001192	ZP:0000107
13	13	pericardial edema	ZP:0001192	ZP:0000107
13	14	pericardial edema	ZP:0001192	ZP:0000107
13	16	pericardial edema	ZP:0001192	ZP:0000107
13	17	pericardial edema	ZP:0001192	ZP:0000107
13	19	pericardial edema	ZP:0001192	ZP:0000107
13	26	pericardial edema	ZP:0001192	ZP:0000107
13	24	unflated swim bladder	ZP:0001211	ZP:0127709
13	16	uninfalted swim bladder	ZP:0001211	ZP:0127709
13	1	uninflated swim bladder	ZP:0001211	ZP:0127709
13	2	uninflated swim bladder	ZP:0001211	ZP:0127709
13	3	uninflated swim bladder	ZP:0001211	ZP:0127709
13	4	uninflated swim bladder	ZP:0001211	ZP:0127709
13	10	uninflated swim bladder	ZP:0001211	ZP:0127709
13	11	uninflated swim bladder	ZP:0001211	ZP:0127709
13	12	uninflated swim bladder	ZP:0001211	ZP:0127709
13	13	uninflated swim bladder	ZP:0001211	ZP:0127709
13	14	uninflated swim bladder	ZP:0001211	ZP:0127709
13	17	uninflated swim bladder	ZP:0001211	ZP:0127709
13	19	uninflated swim bladder	ZP:0001211	ZP:0127709
13	20	uninflated swim bladder	ZP:0001211	ZP:0127709
13	21	uninflated swim bladder	ZP:0001211	ZP:0127709
13	22	uninflated swim bladder	ZP:0001211	ZP:0127709
13	23	uninflated swim bladder	ZP:0001211	ZP:0127709
13	25	uninflated swim bladder	ZP:0001211	ZP:0127709
13	26	uninflated swim bladder	ZP:0001211	ZP:0127709
13	18	Comment: too much space between eye and bottom of jaw. not sure what is going on.	ZP:0001609	ZP:0001609
13	19	comments: too much space between eye and bottom of jaw. Not sure what is going on.	ZP:0001609	ZP:0001609
13	10	Comment: large masses in yolk area. would like to know what color they are, perhaps are blood pooling?	ZP:0002676	ZP:0002676
13	15	Comments: Brain hemorrahage? (would like to see a color picture). also seems to be some weird stuff going on in the yolk sac/organ area.	ZP:0002676	ZP:0002676
13	2	Abnormal	ZP:0005632	ZP:0005632
13	9	Abnormal	ZP:0005632	ZP:0005632
13	10	Abnormal	ZP:0005632	ZP:0005632
13	12	Abnormal	ZP:0005632	ZP:0005632
13	15	Abnormal	ZP:0005632	ZP:0005632
13	16	Abnormal	ZP:0005632	ZP:0005632
13	17	Abnormal	ZP:0005632	ZP:0005632
13	18	Abnormal	ZP:0005632	ZP:0005632
13	19	Abnormal	ZP:0005632	ZP:0005632
13	20	Abnormal	ZP:0005632	ZP:0005632
13	22	Abnormal	ZP:0005632	ZP:0005632
13	24	Abnormal	ZP:0005632	ZP:0005632
13	1	Abnormal	ZP:0005632	ZP:0005632
13	23	Agnormal	ZP:0005632	ZP:0005632
13	3	Severely Abnormal	ZP:0005632	ZP:0005632
13	4	Severely Abnormal	ZP:0005632	ZP:0005632
13	13	Severely Abnormal	ZP:0005632	ZP:0005632
13	21	Severely Abnormal	ZP:0005632	ZP:0005632
13	14	Severly Abnormal	ZP:0005632	ZP:0005632
13	25	Severly abnormal	ZP:0005632	ZP:0005632
13	26	Severly abnormal	ZP:0005632	ZP:0005632
13	11	Severly Abnormal	ZP:0005632	ZP:0005632
13	2	abnormal jaw	ZP:0007203	ZP:0007203
13	3	abnormal jaw	ZP:0007203	ZP:0007203
13	4	abnormal jaw	ZP:0007203	ZP:0007203
13	12	abnormal jaw	ZP:0007203	ZP:0007203
13	13	abnormal jaw	ZP:0007203	ZP:0007203
13	14	abnormal jaw	ZP:0007203	ZP:0007203
13	15	abnormal jaw	ZP:0007203	ZP:0007203
13	17	abnormal jaw	ZP:0007203	ZP:0007203
13	19	abnormal jaw	ZP:0007203	ZP:0007203
13	20	abnormal jaw	ZP:0007203	ZP:0007203
13	21	abnormal jaw	ZP:0007203	ZP:0007203
13	23	abnormal jaw	ZP:0007203	ZP:0007203
13	24	abnormal jaw	ZP:0007203	ZP:0007203
13	25	abnormal jaw	ZP:0007203	ZP:0007203
13	26	abnormal jaw	ZP:0007203	ZP:0007203
13	9	abnormal jaw structure	ZP:0007203	ZP:0007203
13	1	abnormal jaw	ZP:0007203	ZP:0007203
13	20	Comment: weird brain and jaw structure.	ZP:0007203	ZP:0007203
13	11	abnormal jaw	ZP:0007203	ZP:0007203
13	10	spinal curvature	ZP:0009010	ZP:0000624
13	14	spinal curvature	ZP:0009010	ZP:0000624
13	19	spinal curvature	ZP:0009010	ZP:0000624
13	20	spinal curvature	ZP:0009010	ZP:0000624
13	21	spinal curvature	ZP:0009010	ZP:0000624
13	25	spinal curvature	ZP:0009010	ZP:0000624
13	26	spinal curvature	ZP:0009010	ZP:0000624
13	23	dark yolk sac	ZP:0016092	ZP:0002676
13	25	dark yolk sac	ZP:0016092	ZP:0002676
5	23	Normal (2-3 dpf)	normal	normal
5	9	Normal (3-4 dpf)	normal	normal
5	24	Normal (3pf)	normal	normal
5	18	Normal (4dpf - 5 dpf)	normal	normal
5	6	Normal (4dpf)	normal	normal
5	15	Normal (4dpf)	normal	normal
5	5	Normal (5dpf)	normal	normal
5	13	microcephalic	ZP:0000054	ZP:0001609
5	14	microcephalic	ZP:0000054	ZP:0001609
5	21	Microcephalic	ZP:0000054	ZP:0001609
5	1	growth retardation	ZP:0000473	ZP:0012799
5	2	growth retardation	ZP:0000473	ZP:0012799
5	3	growth retardation	ZP:0000473	ZP:0012799
5	4	growth retardation	ZP:0000473	ZP:0012799
5	11	growth retardation	ZP:0000473	ZP:0012799
5	22	Stunted growth	ZP:0000473	ZP:0012799
5	25	Moderate abnormalities of the notochord	ZP:0000624	ZP:0000624
5	26	notochord malformation	ZP:0000624	ZP:0000624
5	26	kyphosis	ZP:0000627	ZP:0000624
5	20	moderate kyphosis	ZP:0000627	ZP:0000624
5	21	pronounced kyphosis	ZP:0000627	ZP:0000624
5	2	Cardiac effusion	ZP:0001192	ZP:0000107
5	3	Cardiac effusion	ZP:0001192	ZP:0000107
5	4	Cardiac effusion	ZP:0001192	ZP:0000107
5	10	Cardiac effusion	ZP:0001192	ZP:0000107
5	13	Cardiac effusion with clear evidence of heart malformation	ZP:0001192	ZP:0000107
5	14	Cardiac effusion with clear evidence of heart malformation	ZP:0001192	ZP:0000107
5	16	Cardiac effusion with evidence of heart malformation	ZP:0001192	ZP:0000107
5	17	Cardiac effusion with evidence of heart malformation	ZP:0001192	ZP:0000107
5	11	cardiac effusion with probable abnormal heart looping	ZP:0001192	ZP:0000107
5	12	Cardiac effusion	ZP:0001192	ZP:0000107
5	19	Mild cardiac effusion	ZP:0001192	ZP:0000107
5	1	Moderate cardiac effusion	ZP:0001192	ZP:0000107
5	25	moderate cardiac effusion	ZP:0001192	ZP:0000107
5	26	Moderate cardiac effusion	ZP:0001192	ZP:0000107
5	16	absence of swim bladder inflation	ZP:0001211	ZP:0127709
5	17	absence of swim bladder inflation	ZP:0001211	ZP:0127709
5	19	absence of swim bladder inflation	ZP:0001211	ZP:0127709
5	1	absence of swim bladder inflation (conditional on knowing exact embryo age)	ZP:0001211	ZP:0127709
5	2	absence of swim bladder inflation (conditional on knowing exact embryo age)	ZP:0001211	ZP:0127709
5	20	absence of swim bladder inflation (dependent on age of embryo)	ZP:0001211	ZP:0127709
5	3	absence of swim bladder inflation (secondary to other characteristics and conditional on knowing exact embryo age).	ZP:0001211	ZP:0127709
5	4	absence of swim bladder inflation (secondary to other characteristics and conditional on knowing exact embryo age).	ZP:0001211	ZP:0127709
5	11	absence of swim bladder inflation secondary to other characteristics	ZP:0001211	ZP:0127709
5	3	brachycephalic	ZP:0001609	ZP:0001609
5	4	brachycephalic	ZP:0001609	ZP:0001609
5	19	brachycephalic	ZP:0001609	ZP:0001609
5	11	Brachycephaly	ZP:0001609	ZP:0001609
5	20	Craniofacial abnormalities	ZP:0001609	ZP:0001609
5	25	craniofacial abnormalities	ZP:0001609	ZP:0001609
5	11	fin edema (blebbing)	ZP:0001610	ZP:0001610
5	2	mild yolk edema	ZP:0002060	ZP:0002676
5	3	yolk edema with defects in yolk extension	ZP:0002060	ZP:0002676
5	4	yolk edema with defects in yolk extension	ZP:0002060	ZP:0002676
5	14	Similar to 13 but with more pronounced yolk defects, including coagulation and extension abnormalities.	ZP:0002676	ZP:0002676
5	10	mild lordosis	ZP:0009010	ZP:0000624
5	19	abnormal tail curvature.	ZP:0010319	ZP:0001129
5	21	abnormal melanocyte migration	ZP:0015121	ZP:0015121
5	11	abnormal melanocyte migration.	ZP:0015121	ZP:0015121
5	12	abnormal melanocyte migration.	ZP:0015121	ZP:0015121
5	13	abnormal melanocyte migration.	ZP:0015121	ZP:0015121
5	14	abnormal melanocyte migration.	ZP:0015121	ZP:0015121
5	26	abnormal melanocyte patterning.	ZP:0015121	ZP:0015121
5	25	melanocyte pattern defects.	ZP:0015121	ZP:0015121
5	16	possibly abnormal melanocyte aggregation on ventral side.	ZP:0015121	ZP:0015121
5	17	possibly abnormal melanocyte aggregation on ventral side.	ZP:0015121	ZP:0015121
5	21	emaciation due to immobilized yolk resources secondary to yolk coagulation.	ZP:0016092	ZP:0002676
5	13	evidence of moderate yolk coagulation	ZP:0016092	ZP:0002676
5	14	evidence of moderate yolk coagulation	ZP:0016092	ZP:0002676
5	3	evidence of yolk coagulation	ZP:0016092	ZP:0002676
5	4	evidence of yolk coagulation	ZP:0016092	ZP:0002676
5	25	evidence of yolk coagulation	ZP:0016092	ZP:0002676
5	22	late onset yolk coagulation	ZP:0016092	ZP:0002676
5	14	Similar to 13 but with more pronounced yolk defects, including coagulation and extension abnormalities.	ZP:0016092	ZP:0002676
5	10	yolk coagulation	ZP:0016092	ZP:0002676
5	11	yolk coagulation	ZP:0016092	ZP:0002676
5	26	yolk coagulation	ZP:0016092	ZP:0002676